hz,stop,tgt,bp,bp_train,bp_test,t_test,win%,stop%,tp%,wick%,dbp,sh_train,sh_test,arm
T+1,-,-,33.81612518377969,-2.6164580258247176,93.39913462027768,2.8722532143767734,52.11111111111111,0.0,0.0,0.0,0.0,0.09287751552782021,0.6222990820318262,tape
T+1,-,5%,28.70381196975011,-2.4594178734734338,79.66915272360181,3.440507311778713,63.0,0.0,52.55555555555556,0.0,-5.112313214029587,-0.062340557817325996,0.8780311871338138,tape
T+1,-,8%,37.25290378524202,1.0110775894216517,96.52394311281354,3.538402757119169,55.888888888888886,0.0,31.88888888888889,0.0,3.4367786014623447,0.006188119212000354,0.8711690277122054,tape
T+1,-,10%,35.20424319915915,-4.024172620699924,99.35964652387746,3.432977621402687,53.833333333333336,0.0,22.333333333333332,0.0,1.3881180153794621,-0.014789311191093602,0.8574892286638895,tape
T+1,-,15%,37.16301251699358,-1.6248364732864629,100.5978987866024,3.2521982385378285,52.44444444444445,0.0,8.055555555555555,0.0,3.34688733321389,0.07837178050165995,0.7854188701594303,tape
T+1,-,20%,39.56472399006045,4.91935189626529,96.22487132354388,3.0395435057789553,52.33333333333333,0.0,3.166666666666667,0.0,5.748598806280757,0.1590974975577167,0.7076626526051123,tape
T+1,-,0.5xEM,-13.6681967910678,-30.64807247301021,14.101233863001992,0.8216381704446344,78.94444444444444,0.0,77.16666666666666,0.0,-47.484321974847475,-0.5922458408806998,0.4034933383666111,tape
T+1,-,1xEM,9.784721580590919,-14.42187676655007,49.37296514392399,2.238218001183581,69.94444444444444,0.0,61.88888888888889,0.0,-24.03140360318876,-0.28422184953194196,0.6822985013291338,tape
T+1,-,1.5xEM,17.705214349427983,-13.700467435088132,69.06706874665272,2.7635007335908544,64.27777777777777,0.0,48.888888888888886,0.0,-16.110910834351706,-0.1380933993447791,0.7745580237890749,tape
T+1,2%,-,5.318509766944676,-4.957028576806481,22.123453149038436,1.1447285165159213,22.27777777777778,76.61111111111111,0.0,38.941261783901375,-28.497615416835046,-0.060691739163750265,0.2710154015727608,tape
T+1,2%,5%,2.748770820401892,-8.18591584786785,20.63170641111536,1.6457818357431961,31.61111111111111,67.61111111111111,29.333333333333332,38.78389482333608,-31.067354363377813,-0.2917756911692126,0.4832475502628888,tape
T+1,2%,8%,6.174829244017505,-3.1141457166538524,21.36631538028383,1.385946724588581,25.666666666666664,73.33333333333333,17.333333333333336,39.015151515151516,-27.641295939762212,-0.15966910021147224,0.38789311175053254,tape
T+1,2%,10%,6.8239976747804185,-3.059325631543888,22.987500065943287,1.3718829190307527,24.0,74.8888888888889,12.333333333333334,38.724035608308604,-26.992127508999307,-0.1434004228014162,0.3848187445730561,tape
T+1,2%,15%,4.26893280908628,-6.555204293908235,21.971072112226626,1.2060387657664782,22.61111111111111,76.27777777777777,4.166666666666666,38.82010196649672,-29.54719237469345,-0.1552786595348746,0.35062471505371634,tape
T+1,2%,20%,6.317530376732013,-2.257248675731027,20.340997729003174,1.0962515371988635,22.444444444444443,76.44444444444444,1.8333333333333333,38.95348837209303,-27.498594807047706,-0.06181860340235712,0.29904284180451346,tape
T+1,2%,0.5xEM,-23.136296295354786,-24.117271224284824,-21.5319785858162,-2.6011128136885744,50.0,49.833333333333336,49.72222222222222,40.356744704570794,-56.952421479134486,-1.191816596946454,-0.5907744570609798,tape
T+1,2%,1xEM,-8.94908229975535,-14.059390935955028,-0.5915204452384493,-0.05183806195086945,39.44444444444444,60.16666666666667,37.388888888888886,39.88919667590028,-42.76520748353505,-0.5429540292392951,0.051500991090532355,tape
T+1,2%,1.5xEM,-6.4275275965064225,-15.074197572342166,7.713512466463591,0.5768242923495588,32.94444444444444,66.38888888888889,28.444444444444443,38.99581589958159,-40.243652780286126,-0.44017614675277583,0.2088193034930858,tape
T+1,3%,-,-4.949054718812446,-11.244652065098286,5.346966124234817,0.24638861120657768,29.61111111111111,67.22222222222223,0.0,33.47107438016529,-38.765179902592145,-0.11119004368538868,-0.040931978184702976,tape
T+1,3%,5%,-0.7404229705781017,-12.301016771751152,18.166141122994784,1.2209745738607938,40.05555555555556,57.88888888888889,36.11111111111111,33.87715930902112,-34.5565481543578,-0.32672278671145566,0.2817314419879998,tape
T+1,3%,8%,2.9794727312599703,-6.857318950891922,19.066875819054488,1.0494858790850103,33.33333333333333,63.72222222222222,21.666666666666668,33.91455972101134,-30.836652452519722,-0.1643590905664263,0.23343629084048018,tape
T+1,3%,10%,1.1929534640168535,-8.518367909901519,17.075158404963876,0.8734204013194763,31.444444444444446,65.5,15.11111111111111,33.33333333333333,-32.62317171976285,-0.16785715925545597,0.1752268191459472,tape
T+1,3%,15%,-1.1733708102898457,-9.870003995974193,13.049380680792742,0.6183551819606479,30.055555555555557,66.83333333333333,5.333333333333334,33.33333333333333,-34.98949599406955,-0.14196291910205117,0.0996030945252196,tape
T+1,3%,20%,-0.009753003201735173,-6.679413050677516,10.898021920708137,0.5065957613347227,29.833333333333336,67.0,2.166666666666667,33.499170812603644,-33.82587818698144,-0.07872034477647039,0.08603580879406279,tape
T+1,3%,0.5xEM,-27.90159326962698,-27.6191698778119,-28.363477498993667,-2.7711649339578925,58.77777777777777,40.666666666666664,58.38888888888889,35.38251366120219,-61.71771845340666,-1.111448607577171,-0.624875386038797,tape
T+1,3%,1xEM,-13.882500075232215,-17.489026829414936,-7.984271108289179,-0.5823749844978018,47.888888888888886,50.888888888888886,44.55555555555556,34.60698689956332,-47.698625259011905,-0.5254537078272532,-0.1187710688761519,tape
T+1,3%,1.5xEM,-12.080747896129504,-19.56599386456238,0.1608622747921969,0.010213507439798304,41.388888888888886,56.777777777777786,34.44444444444444,34.148727984344426,-45.8968730799092,-0.46443718662532335,0.012001020827570165,tape
T+1,5%,-,-26.87550471022536,-42.95736034688719,-0.574724701219092,-0.021704811644756652,38.0,52.11111111111111,0.0,27.078891257995735,-60.69162989400504,-0.5677234174842662,-0.10481230923647238,tape
T+1,5%,5%,-23.558462606623888,-39.6792428698432,2.8059759790510412,0.1521786951060645,48.66666666666667,44.333333333333336,42.5,27.56892230576441,-57.37458779040357,-0.8355000306160056,0.004191743541584253,tape
T+1,5%,8%,-20.96292654052963,-39.89643478349814,10.001537159903501,0.4518522348207763,41.72222222222222,49.166666666666664,25.5,27.45762711864407,-54.77905172430929,-0.7564949924558626,0.06959092820352732,tape
T+1,5%,10%,-21.39684669227332,-40.75753491242981,10.26624077758731,0.4337761865832709,39.83333333333333,50.55555555555556,17.77777777777778,27.032967032967033,-55.212971876053,-0.7206795683872207,0.0498454738686703,tape
T+1,5%,15%,-22.778396320607808,-40.225632654255946,5.755370860482939,0.22593385975098615,38.388888888888886,51.77777777777778,6.444444444444445,27.038626609442062,-56.59452150438749,-0.6075709064001655,-0.004922017829638278,tape
T+1,5%,20%,-20.44431759662515,-36.96426728330576,6.572935404871538,0.2523824106596339,38.27777777777778,51.83333333333333,2.555555555555556,27.116827438370844,-54.26044278040483,-0.5318193015109572,0.023109514457911214,tape
T+1,5%,0.5xEM,-41.328068618019344,-46.47256920523849,-32.914588155466205,-2.5085358730648015,67.55555555555556,29.388888888888886,66.66666666666666,28.733459357277884,-75.14419380179903,-1.3968455568987204,-0.5444491471802215,tape
T+1,5%,1xEM,-31.844716437892487,-42.194410807552465,-14.91849592411474,-0.8688481331491982,56.72222222222222,38.22222222222222,51.55555555555556,28.197674418604652,-65.66084162167215,-1.0162831942980988,-0.15534230890090517,tape
T+1,5%,1.5xEM,-30.250598193852568,-46.902077801080395,-3.018236962119779,-0.15414134898617787,50.5,43.166666666666664,40.61111111111111,27.28442728442728,-64.06672337763224,-0.9320998903186313,-0.015187707306131079,tape
T+1,8%,-,-12.120176046497035,-28.67602400940316,14.955786141740367,0.49903919608504,46.0,29.888888888888886,0.0,20.44609665427509,-45.93630123027675,-0.3040670050860666,0.05640469199762951,tape
T+1,8%,5%,-10.959299645742036,-27.673309618656077,16.375325741878733,0.7542620878236324,56.777777777777786,25.38888888888889,48.388888888888886,20.787746170678336,-44.77542482952174,-0.5027542916132993,0.18211737679759124,tape
T+1,8%,8%,-7.839702770996501,-28.162600077762573,25.397012150903503,0.9934675028716355,49.72222222222222,28.333333333333332,28.77777777777778,20.588235294117645,-41.655827954776186,-0.47747573810880484,0.20861766854782063,tape
T+1,8%,10%,-9.0396018924958,-31.04600949101653,26.95037949483606,0.9950672097812385,47.77777777777778,28.999999999999996,19.944444444444446,20.114942528735632,-42.8557270762755,-0.46456600553783767,0.20552151588473125,tape
T+1,8%,15%,-9.701745117294447,-28.388935914288805,20.859883170030148,0.7234914546028911,46.33333333333333,29.666666666666668,7.166666666666667,20.411985018726593,-43.51787030107415,-0.35489974383393924,0.13757738246450057,tape
T+1,8%,20%,-5.802862868873077,-22.882339703403797,22.129458689210104,0.7532144671294518,46.27777777777778,29.666666666666668,2.7777777777777777,20.411985018726593,-39.61898805265278,-0.26473258896054663,0.16828423121033903,tape
T+1,8%,0.5xEM,-33.577893443941605,-38.706980086279245,-25.18962143883014,-1.6057494010497126,74.55555555555556,16.5,73.27777777777777,19.865319865319865,-67.3940186277213,-0.9952062638950425,-0.21457858585587405,tape
T+1,8%,1xEM,-17.71420500560378,-24.99662821890821,-5.8042976421176355,-0.2875224820267454,64.72222222222223,21.38888888888889,57.88888888888889,20.51948051948052,-51.53033018938348,-0.5350720710269556,0.07155815598085802,tape
T+1,8%,1.5xEM,-15.320729096799612,-28.43850551451917,6.132501150041892,0.26939672845523954,58.5,24.38888888888889,45.666666666666664,20.50113895216401,-49.136854280579314,-0.49057234992141424,0.15830206326931284,tape
T+1,12%,-,0.29259627525609994,-7.854771101237505,13.617060930517228,0.41058910513211555,49.94444444444445,15.166666666666668,0.0,14.285714285714285,-33.523528908523595,-0.047709400777986716,-0.012789117656250298,tape
T+1,12%,5%,-1.513723378851032,-9.234292067367072,11.112741079527323,0.4530823883135025,60.611111111111114,12.722222222222221,50.83333333333333,14.847161572052403,-35.32984856263074,-0.22367311095888437,0.05556086748485267,tape
T+1,12%,8%,6.890334943943315,-3.8246864929365327,24.414023003964964,0.8580256636307088,53.77777777777778,14.000000000000002,30.777777777777775,13.88888888888889,-26.925790239836367,-0.12820057709528496,0.13558973231165358,tape
T+1,12%,10%,5.277957641262009,-8.792170604693023,28.28869446517383,0.9439630134683518,51.72222222222223,14.555555555555555,21.444444444444443,13.740458015267176,-28.538167542517694,-0.16251091493521835,0.15338330610890952,tape
T+1,12%,15%,4.721839373975875,-6.267794792170048,22.694637856530793,0.7128527383151063,50.33333333333333,14.944444444444443,7.666666666666666,14.12639405204461,-29.094285809803814,-0.06181530985286134,0.09329161919842871,tape
T+1,12%,20%,7.092064383971157,-0.5551949721080321,19.59863642019436,0.6065896003372864,50.22222222222222,15.0,2.944444444444444,14.074074074074074,-26.72406079980853,0.016360013118369144,0.07758682937632816,tape
T+1,12%,0.5xEM,-32.45712810966708,-37.44114371530973,-24.306109908345196,-1.3643703805969536,77.16666666666666,8.444444444444445,75.55555555555556,14.473684210526317,-66.27325329344674,-0.9004631298921291,-0.19762735855459157,tape
T+1,12%,1xEM,-12.944844903293484,-18.094555399128303,-4.5228439899003865,-0.19880377536489047,67.94444444444444,11.0,60.38888888888889,15.151515151515152,-46.76097008707317,-0.4259078753799183,0.04806088504830745,tape
T+1,12%,1.5xEM,-5.126053024616598,-17.05463616886158,14.382332586103232,0.5666695398926609,62.16666666666667,12.222222222222221,47.72222222222222,14.545454545454545,-38.94217820839629,-0.28623433189761743,0.2133672076970665,tape
T+1,0.25xEM,-,16.40748116839616,10.703012661523637,25.736751039811395,1.5854256870366719,13.666666666666666,85.94444444444444,0.0,44.73173884938591,-17.40864401538355,0.2368548031929088,0.2966344903962923,tape
T+1,0.25xEM,5%,12.394062806315182,6.575660185737304,21.90966416383421,2.174903915109369,21.166666666666668,78.5,20.27777777777778,44.44444444444444,-21.42206237746453,0.17573313278388586,0.5313761336113824,tape
T+1,0.25xEM,8%,18.700524768730055,17.324911328008067,20.95024689652868,1.6767483279781215,16.666666666666664,82.94444444444444,12.722222222222221,44.809109176155395,-15.115600415049643,0.40213940868267234,0.4166919525171994,tape
T+1,0.25xEM,10%,19.991320222352297,16.499156788171423,25.70251576551487,1.865434239071607,15.222222222222223,84.38888888888889,9.277777777777779,44.5687952600395,-13.824804961427409,0.3581156692792446,0.455023812737551,tape
T+1,0.25xEM,15%,14.753611331080913,9.430936143750666,23.458484221634187,1.5690561371482938,13.88888888888889,85.72222222222223,3.166666666666667,44.65327284510693,-19.0625138526988,0.1947353586823939,0.36038428154669516,tape
T+1,0.25xEM,20%,16.848712257687037,11.98879273846276,24.79677975838033,1.599038129970508,13.777777777777779,85.83333333333333,1.4444444444444444,44.724919093851135,-16.967412926092667,0.25896069901961244,0.3444346822522546,tape
T+1,0.25xEM,0.5xEM,-7.013954346077831,-9.53955218686214,-2.883511025205106,-0.3842130445805834,35.72222222222222,64.05555555555556,35.44444444444444,43.97224631396357,-40.83007952985752,-0.5892843389759814,0.018883273766478838,tape
T+1,0.25xEM,1xEM,5.531956585922813,1.3097470331707288,12.43709285301517,1.2152062577933014,26.77777777777778,72.94444444444444,24.77777777777778,43.945163747143944,-28.28416859785689,-0.08333966170646817,0.3089430163504059,tape
T+1,0.25xEM,1.5xEM,6.091141006002655,3.225798120791179,10.77721421651688,0.9284700115359266,21.666666666666668,78.0,17.888888888888886,44.01709401709402,-27.72498417777705,0.036972814115692525,0.19355183189783312,tape
T+1,0.5xEM,-,12.579442455146417,8.572656791686125,19.132267617789392,0.9768687619616234,21.5,76.5,0.0,40.01452432824982,-21.236682728633287,0.20716738400305607,0.28108576367851723,tape
T+1,0.5xEM,5%,11.75276337980895,2.821016924293437,26.360026616720848,2.0210356056729446,30.388888888888886,68.44444444444444,28.555555555555557,40.0974025974026,-22.063361803970754,0.08601072414298962,0.628079331630695,tape
T+1,0.5xEM,8%,15.413000809797209,8.146334907405086,27.297138164075392,1.7070938514198706,24.666666666666668,73.66666666666667,17.333333333333336,40.346907993966816,-18.403124373982482,0.1438334563820702,0.5871523124521096,tape
T+1,0.5xEM,10%,13.674936781834019,5.820391481942718,26.520510866722145,1.5289999700306398,22.833333333333332,75.22222222222223,12.222222222222221,40.10339734121123,-20.141188401945676,0.0810942891302085,0.5226801030730452,tape
T+1,0.5xEM,15%,12.127043967675483,5.6598271133787295,22.703736831876764,1.2065142151969306,21.666666666666668,76.33333333333333,4.333333333333334,40.02911208151383,-21.68908121610422,0.13570494715208664,0.41211951565127825,tape
T+1,0.5xEM,20%,16.958616523639524,11.930520572039521,25.181725129696925,1.293368949093667,21.666666666666668,76.33333333333333,1.9444444444444444,40.02911208151383,-16.857508660140184,0.26744981727382905,0.4195383218474194,tape
T+1,0.5xEM,0.5xEM,-11.272014554013216,-14.420306502785362,-6.123197413781176,-0.6044349980966497,47.72222222222222,51.22222222222222,46.833333333333336,40.02169197396963,-45.0881397377929,-0.5825879719015746,0.0996650627439751,tape
T+1,0.5xEM,1xEM,4.295772147075008,-2.4940758104572285,15.400106215249993,1.1397705704227765,36.72222222222222,61.77777777777778,33.05555555555556,39.65827338129496,-29.520353036704677,-0.11759687196865012,0.4601193379493108,tape
T+1,0.5xEM,1.5xEM,7.464225295807156,1.7418772008719177,16.822736016221004,1.095608974226981,31.055555555555554,67.16666666666666,23.88888888888889,39.20595533498759,-26.351899887972547,0.07164071874095684,0.4138786350723225,tape
T+1,0.75xEM,-,7.292674612887659,-5.432366397620743,28.10361283944386,1.214891529678463,27.333333333333332,68.55555555555556,0.0,36.14262560777958,-26.52345057089205,-0.04166663721836605,0.4121672089941611,tape
T+1,0.75xEM,5%,2.0621659282243647,-16.121034932177245,31.799552986889967,2.0554434188610937,36.44444444444444,60.94444444444444,33.27777777777778,36.46308113035551,-31.753959255555337,-0.42400027939111407,0.6859635330052254,tape
T+1,0.75xEM,8%,6.717859181637474,-8.040070576416557,30.85344855169069,1.6446225862816297,30.61111111111111,65.77777777777779,20.0,36.57094594594595,-27.09826600214223,-0.23228089476439953,0.5989921967093043,tape
T+1,0.75xEM,10%,4.672762753271284,-9.459521034116278,27.78515073352297,1.3834976259997167,28.72222222222222,67.27777777777779,13.88888888888889,36.25103220478943,-29.143362430508414,-0.2562028745294572,0.5158881901052895,tape
T+1,0.75xEM,15%,6.55609269364846,-8.75077935132062,31.5894398008673,1.4374197533677207,27.611111111111107,68.27777777777779,5.166666666666667,36.12693246541904,-27.260032490131245,-0.16115381798765105,0.5234530761531323,tape
T+1,0.75xEM,20%,11.338377699508902,-1.4162302341726682,32.19767061593981,1.42791357197512,27.555555555555557,68.33333333333333,2.2777777777777777,36.17886178861789,-22.47774748427079,-0.01503521368985193,0.5092338788255433,tape
T+1,0.75xEM,0.5xEM,-21.38469698566906,-27.30032015069999,-11.710098046665314,-0.9608221666681092,54.72222222222223,43.27777777777778,53.72222222222223,36.2002567394095,-55.20082216944874,-0.97093003183405,0.05307560066958589,tape
T+1,0.75xEM,1xEM,-6.682080822131375,-17.904375137533012,11.671217494565001,0.7359198636854167,43.72222222222222,53.27777777777778,38.55555555555556,35.557872784150156,-40.49820600591107,-0.5179915970809372,0.4004244807652489,tape
T+1,0.75xEM,1.5xEM,-3.0439615233322184,-16.845512648062314,19.527535704081423,1.085565751106095,37.55555555555555,58.833333333333336,28.27777777777778,35.2219074598678,-36.86008670711191,-0.3656659311953966,0.4603727226457957,tape
T+3,-,-,40.91843253944606,13.95178235310816,85.0205529759606,2.078749258847388,51.83333333333333,0.0,0.0,0.0,0.0,0.24328930127895057,0.296519258760469,tape
T+3,-,5%,20.7334375696529,-6.187180943187357,64.76027633809005,2.3692600978076297,66.16666666666666,0.0,59.66666666666667,0.0,-20.184994969793163,-0.09606529240894393,0.4505813521452644,tape
T+3,-,8%,36.01391540451526,5.807447574298407,85.41453702435746,2.613544998941102,57.833333333333336,0.0,41.22222222222222,0.0,-4.904517134930777,0.12032986021331372,0.5044709867959369,tape
T+3,-,10%,30.35493343991011,-8.170249808714685,93.36024777184845,2.683286911654183,54.888888888888886,0.0,30.555555555555557,0.0,-10.563499099535953,-0.03954118459843596,0.5211106782489867,tape
T+3,-,15%,40.29403958789346,6.5618815505778,95.46068750543603,2.528075347749543,52.666666666666664,0.0,14.777777777777779,0.0,-0.624392951552606,0.18917967823598708,0.4508526179902108,tape
T+3,-,20%,42.110632539971455,14.040497096507712,88.01742798704171,2.2412262539972225,52.166666666666664,0.0,7.166666666666667,0.0,1.192200000525389,0.21349930700302022,0.4587129067666349,tape
T+3,-,0.5xEM,-16.76925079878421,-35.55141377187311,13.947698016648163,0.7228433785934508,81.83333333333334,0.0,80.66666666666666,0.0,-57.687683338230215,-0.5908866904817329,0.39668667687965775,tape
T+3,-,1xEM,0.6595571645205793,-24.11741162721586,41.18060275803391,1.5473415752689617,72.38888888888889,0.0,67.44444444444444,0.0,-40.25887537492546,-0.361908744103833,0.4276435818586463,tape
T+3,-,1.5xEM,6.983616798485342,-18.10720288622488,48.01794415986358,1.587153667952272,66.27777777777779,0.0,56.05555555555556,0.0,-33.9348157409607,-0.17897650662494904,0.3892796251040692,tape
T+3,2%,-,19.20359568144034,14.25020832135738,27.304523472381238,1.2524411062825305,19.944444444444446,79.11111111111111,0.0,40.30898876404495,-21.71483685800577,0.18885660931317952,0.3666302098327711,tape
T+3,2%,5%,3.37481395244633,-7.103071303164974,20.510681932706685,1.6297510274095062,31.277777777777775,68.11111111111111,30.11111111111111,39.9673735725938,-37.54361858699975,-0.3075204486727044,0.6014674160577036,tape
T+3,2%,8%,8.871092740898176,0.12251917875789675,23.178789181470183,1.4651509706132857,24.22222222222222,74.94444444444444,19.444444444444446,40.252038547071905,-32.04733979854792,-0.13550819865473496,0.4713902190682629,tape
T+3,2%,10%,12.869855049133417,5.046540163381393,25.664353917925506,1.4747858266354146,22.333333333333332,76.77777777777777,14.833333333333334,39.86975397973951,-28.048577490312685,-0.07394689291321778,0.49046677870641936,tape
T+3,2%,15%,16.340182917177447,4.583786641272723,35.56696862755162,1.7483949097662974,20.444444444444446,78.61111111111111,7.277777777777778,40.21201413427562,-24.57824962226866,0.0131520883922736,0.558627685021815,tape
T+3,2%,20%,17.58462074662611,9.872992696049593,30.196463400350787,1.4262143668892244,20.166666666666664,78.88888888888889,3.5000000000000004,40.352112676056336,-23.333811792819997,0.08776312157795235,0.4540467505136504,tape
T+3,2%,0.5xEM,-23.4371841619677,-24.62372057962926,-21.496684632644172,-2.5910093807240857,49.888888888888886,50.0,49.833333333333336,40.77777777777778,-64.35561670141375,-1.2626409611156395,-0.38579088849804505,tape
T+3,2%,1xEM,-8.044620195640334,-12.398557740419607,-0.9240517658915104,-0.08002339321245527,39.111111111111114,60.66666666666667,37.888888888888886,40.201465201465204,-48.963052735086414,-0.552382580887908,0.17809932989723215,tape
T+3,2%,1.5xEM,-5.126710753718267,-13.42864442057199,8.450536546246024,0.6094306301387118,32.111111111111114,67.55555555555556,29.666666666666668,40.29605263157895,-46.04514329316436,-0.4898642397041399,0.43670761066433733,tape
T+3,3%,-,14.846125429573403,20.142676226121715,6.183977201543434,0.2545876423063473,26.77777777777778,71.27777777777777,0.0,35.15198752922837,-26.072307109872668,0.24357424751756002,0.2013341755115256,tape
T+3,3%,5%,1.535957711647477,-8.567796519988171,18.05995987378072,1.2066387630792772,39.88888888888889,59.111111111111114,37.72222222222222,35.150375939849624,-39.38247482779859,-0.31234183353108347,0.5727792016512476,tape
T+3,3%,8%,8.189740178646272,1.133240425117436,19.73016510498844,1.0593232919222044,32.05555555555556,66.27777777777779,24.833333333333332,35.20536462699078,-32.72869236079978,-0.1280795302482715,0.4545349162531049,tape
T+3,3%,10%,9.700967762469434,4.073796517131293,18.903823225196668,0.9292150616205711,29.61111111111111,68.61111111111111,18.722222222222225,34.73684210526316,-31.217464776976644,-0.08194005911755352,0.4117042153261717,tape
T+3,3%,15%,14.794344232032161,10.372673572614298,22.025685559367076,0.9510125359061217,27.500000000000004,70.55555555555556,9.222222222222221,35.039370078740156,-26.12408830741391,0.09197058674287546,0.43501026851199254,tape
T+3,3%,20%,16.80537855707593,16.27878401334217,17.66658808174739,0.7285375016351145,27.111111111111114,70.94444444444444,4.277777777777778,35.160532498042286,-24.11305398237014,0.17623674886285592,0.4065022709065518,tape
T+3,3%,0.5xEM,-27.922781972984776,-28.0024816000686,-27.792438658998496,-2.69772363474827,58.77777777777777,41.0,58.72222222222222,36.043360433604335,-68.84121451243082,-1.083748339801274,-0.18587320082219647,tape
T+3,3%,1xEM,-11.767994254803474,-14.335956000334965,-7.568267651935731,-0.541736286813955,47.72222222222222,51.72222222222223,45.666666666666664,34.908700322234154,-52.68642679424953,-0.5057093938021842,0.2169989410965473,tape
T+3,3%,1.5xEM,-7.475767050211807,-12.59415958690889,0.8950154732005414,0.05452364283084823,40.61111111111111,58.5,36.72222222222222,35.04273504273504,-48.394199589657866,-0.3972512981029008,0.40555844967656085,tape
T+3,5%,-,-7.217898975180807,-8.121199102380794,-5.740613115616525,-0.18746901855376774,35.05555555555556,58.94444444444444,0.0,28.463713477851083,-48.13633151462684,-0.04779426861404643,0.05114846855655534,tape
T+3,5%,5%,-22.436770416430544,-37.29277362428495,1.859211403735458,0.09914921910669972,49.22222222222222,47.72222222222222,45.44444444444444,28.28870779976717,-63.35520295587659,-0.7846927684053152,0.32761204286879886,tape
T+3,5%,8%,-18.186874776416722,-34.964607657688994,9.251965089441464,0.4017204467894715,40.77777777777778,54.44444444444444,30.277777777777775,28.469387755102044,-59.105307315862746,-0.6011700819208298,0.31331214031901944,tape
T+3,5%,10%,-14.5424978699459,-30.1888314097973,11.046015400938474,0.4416465853126895,38.333333333333336,56.277777777777786,23.055555555555557,28.13425468904245,-55.46093040939195,-0.5047409015473416,0.320243170366116,tape
T+3,5%,15%,-10.744993636318222,-19.150205902429935,3.0011587813198335,0.10787567580000675,35.833333333333336,58.166666666666664,11.277777777777779,28.462273161413563,-51.66342617576426,-0.20860317163379888,0.2930501934965608,tape
T+3,5%,20%,-6.742526449395974,-11.901439967146045,1.6945253797794964,0.058115067321118506,35.44444444444444,58.55555555555556,5.388888888888889,28.46299810246679,-47.660958988842005,-0.14136587144289783,0.2923940206933996,tape
T+3,5%,0.5xEM,-41.75093513010315,-46.929096519092084,-33.28240471794992,-2.507741037734453,68.22222222222221,30.72222222222222,67.72222222222221,29.11392405063291,-82.66936766954917,-1.3459099226522035,-0.05409815449041404,tape
T+3,5%,1xEM,-31.07943330175525,-41.47032516992898,-14.085837083966009,-0.7895341268737824,57.111111111111114,40.833333333333336,54.0,28.435374149659864,-71.99786584120129,-0.9716209841646455,0.2062794517541637,tape
T+3,5%,1.5xEM,-29.705379417118404,-42.325862323618196,-9.065438851144346,-0.441609506269275,50.05555555555555,46.94444444444444,43.94444444444445,28.28402366863905,-70.62381195656442,-0.821551786328865,0.2488235725464547,tape
T+3,8%,-,0.010776937822847771,-4.800801501192379,7.879785892991255,0.2245971487422202,44.05555555555555,38.5,0.0,20.2020202020202,-40.907655601623205,-0.05440255500770583,-0.03835185469366768,tape
T+3,8%,5%,-14.115083448376215,-29.13191425697132,10.443920963337865,0.46201888357577,58.44444444444444,30.166666666666668,53.11111111111111,20.073664825046038,-55.0335159878223,-0.6175801015091996,0.324190557548151,tape
T+3,8%,8%,-7.436057995748799,-24.33023602818023,20.19321998701242,0.7412337380474799,49.888888888888886,34.94444444444444,35.94444444444444,20.03179650238474,-48.35449053519484,-0.4530599583757253,0.19856892238070348,tape
T+3,8%,10%,-7.847839816859629,-27.201035156162913,23.80299355649581,0.8111692898074718,47.16666666666667,36.44444444444444,26.833333333333332,19.664634146341463,-48.766272356305706,-0.44717283048606477,0.20907229300043403,tape
T+3,8%,15%,-3.360588126486197,-15.015443454163755,15.700134276172411,0.4853225262574687,44.77777777777778,37.888888888888886,13.0,20.234604105571847,-44.27902066593226,-0.1979106939171903,0.15408030471654383,tape
T+3,8%,20%,1.5778037045405244,-6.900023849018245,15.442713481004864,0.45822800446586165,44.388888888888886,38.166666666666664,6.222222222222222,20.232896652110625,-39.34062883490554,-0.14251135080653923,0.17839065520889438,tape
T+3,8%,0.5xEM,-35.75595034722281,-40.46050217938233,-28.0619761209824,-1.7255477137510653,76.16666666666667,18.833333333333332,75.22222222222223,19.76401179941003,-76.67438288666884,-1.0311513305527022,0.1064819562990213,tape
T+3,8%,1xEM,-20.817815429207045,-27.311436623588737,-10.197940064456908,-0.4790102248596786,66.05555555555556,25.38888888888889,61.88888888888889,19.25601750547046,-61.73624796865309,-0.5913422931149227,0.24089877540975274,tape
T+3,8%,1.5xEM,-18.059645871677642,-27.043138224024116,-3.3677557434623897,-0.13816803383382148,59.22222222222222,29.72222222222222,50.94444444444445,19.065420560747665,-58.978078411123704,-0.5532541770828295,0.23010930969810936,tape
T+3,12%,-,12.179769520279462,11.003562199311206,14.10337651518657,0.36433362110553835,49.05555555555556,21.27777777777778,0.0,13.054830287206268,-28.738663019166598,0.10734306321175789,-0.0620291423075968,tape
T+3,12%,5%,-1.358482946465182,-5.631929644967645,5.630448184175008,0.21558046381717494,63.5,16.38888888888889,57.111111111111114,12.54237288135593,-42.276915485911246,-0.25329970428679,0.12492326831899349,tape
T+3,12%,8%,7.247751529917468,-1.9421673430856121,22.27723817873803,0.7208979260976938,55.111111111111114,19.27777777777778,39.166666666666664,12.39193083573487,-33.670681009528565,-0.08600781799006282,0.09600847783444535,tape
T+3,12%,10%,5.225913354839788,-10.152579017406133,30.37639063126537,0.9217354371104272,52.33333333333333,20.166666666666664,29.055555555555557,12.121212121212121,-35.69251918460628,-0.19615388634913597,0.16215823051418962,tape
T+3,12%,15%,12.537800434272626,4.873112134594663,25.072876321154446,0.700046677706916,49.94444444444445,20.77777777777778,14.000000000000002,13.101604278074866,-28.380632105173426,0.04604822882184287,0.1315205323777122,tape
T+3,12%,20%,14.251841135031308,11.326531045618243,19.035986625330573,0.5140937177065191,49.44444444444444,21.0,6.666666666666667,12.962962962962962,-26.666591404414753,0.06405996656762365,0.14401394148667765,tape
T+3,12%,0.5xEM,-31.807559357670794,-35.44733054795184,-25.854961378836357,-1.3615552972298561,79.72222222222223,10.333333333333334,78.55555555555556,11.827956989247312,-72.72599189711683,-0.89234161735681,0.07331801934260658,tape
T+3,12%,1xEM,-15.43761791507137,-19.03885985194553,-9.548031907035584,-0.38847616044979794,70.11111111111111,14.055555555555554,65.33333333333333,12.25296442687747,-56.35605045451741,-0.4577682856379523,0.16121558900553665,tape
T+3,12%,1.5xEM,-7.167018748436972,-11.78766670383718,0.38973639970655916,0.014038937476214828,64.05555555555556,16.11111111111111,54.388888888888886,11.379310344827587,-48.08545128788301,-0.2994952433993786,0.15466842747601584,tape
T+3,0.25xEM,-,28.084295999584306,25.288950351579707,32.655893494197954,1.7455716373355998,12.277777777777779,87.55555555555556,0.0,45.17766497461929,-12.834136539861774,0.27505950870859686,0.47925723946570326,tape
T+3,0.25xEM,5%,12.060904750034094,5.5880610153602035,22.646799994002958,2.2349672999556103,20.88888888888889,79.05555555555556,20.72222222222222,44.975404075895995,-28.85752778941197,0.0475789342334533,0.5500969519904015,tape
T+3,0.25xEM,8%,20.376157187578546,18.85274955543449,22.867586653325116,1.7845304124823167,15.88888888888889,84.0,13.88888888888889,45.23809523809524,-20.54227535186753,0.31334323532398406,0.48811654563474305,tape
T+3,0.25xEM,10%,23.329887290635828,20.583519288710797,27.821385179582023,1.9512226631339846,14.277777777777779,85.55555555555556,10.777777777777779,45.064935064935064,-17.58854524881025,0.24243400342650773,0.5797764508398067,tape
T+3,0.25xEM,15%,22.534033080204036,15.929841130643027,33.33473938717277,1.9959176327169534,12.555555555555555,87.27777777777777,5.0,45.130490133672815,-18.384399459242033,0.18158517728293977,0.5859024226481869,tape
T+3,0.25xEM,20%,26.568109068305464,21.611268293180274,34.67468468443259,1.9342633325498886,12.38888888888889,87.44444444444444,2.888888888888889,45.1715374841169,-14.350323471140614,0.25269067667691814,0.564273165789978,tape
T+3,0.25xEM,0.5xEM,-7.271667339133806,-10.20046254849299,-2.4818221724365794,-0.32579335535704457,35.66666666666667,64.22222222222223,35.55555555555556,44.80968858131488,-48.190099878579865,-0.6974244829322456,0.1740560389552979,tape
T+3,0.25xEM,1xEM,6.819368638059922,2.826854527395928,13.348853647740281,1.2567787964273063,26.38888888888889,73.44444444444444,25.222222222222225,44.70499243570348,-34.099063901386124,-0.14957877404675812,0.4149132828867388,tape
T+3,0.25xEM,1.5xEM,8.338145012088967,5.634339874646465,12.760034233938562,1.0289038794323047,21.0,78.83333333333333,18.777777777777775,44.538407329105,-32.5802875273571,-0.08388548241331384,0.4126252805982432,tape
T+3,0.5xEM,-,28.616808868192727,27.257715476721227,30.839513580160002,1.3524623882825728,19.22222222222222,79.77777777777779,0.0,40.87743732590529,-12.301623671253356,0.32785103983804803,0.5101510433831674,tape
T+3,0.5xEM,5%,11.455267273285171,2.4033117445745273,26.25912426533464,2.002000226962909,30.166666666666668,69.55555555555556,29.388888888888886,40.974440894568694,-29.46316526616089,0.019507585492671956,0.9262839432759692,tape
T+3,0.5xEM,8%,17.987474228917975,10.302263209311898,30.556113627014586,1.8548577404709976,23.555555555555554,75.6111111111111,19.5,41.21969140337987,-22.930958310528087,0.07751316408547704,0.8388881604291136,tape
T+3,0.5xEM,10%,18.588114504287798,10.129188308786913,32.42211239649056,1.791981452780661,21.444444444444443,77.66666666666666,14.777777777777779,40.844062947067236,-22.33031803515828,0.02060469567731419,0.8196131663503248,tape
T+3,0.5xEM,15%,25.89595716627529,18.726466552770678,37.621170951465125,1.7913719506857984,19.666666666666664,79.33333333333333,7.555555555555555,40.826330532212886,-15.02247537317078,0.2709379769488575,0.7249924050593239,tape
T+3,0.5xEM,20%,31.463303379598013,26.216290085185097,40.044436395497335,1.7914141562613999,19.5,79.5,3.7777777777777777,40.88050314465409,-9.455129159848061,0.3222027896516243,0.712075976607538,tape
T+3,0.5xEM,0.5xEM,-9.79553669433583,-14.735418829575297,-1.7166957791638107,-0.16573829640018178,47.833333333333336,51.83333333333333,47.38888888888889,41.157556270096464,-50.71396923378187,-0.5791448374448217,0.5934177133860006,tape
T+3,0.5xEM,1xEM,6.127424547290309,-1.658304398705714,18.860454170537107,1.34216376607533,36.333333333333336,62.94444444444445,33.94444444444444,40.51191526919683,-34.79100799215575,-0.19710414139747767,0.7406543989278848,tape
T+3,0.5xEM,1.5xEM,9.370780654990943,3.8444984255820565,18.408639000890982,1.1342450266945632,29.888888888888886,69.27777777777779,25.555555555555554,39.93584603047314,-31.547651884455114,-0.009678332322715083,0.7010667851299875,tape
T+3,0.75xEM,-,25.969498971063455,20.161042055648636,35.46883480491171,1.306450358902549,24.61111111111111,72.66666666666667,0.0,37.46177370030581,-14.948933568382612,0.251291119417967,0.36119869280236516,tape
T+3,0.75xEM,5%,3.350828628812271,-13.583285287779837,31.04541903120376,1.977687631921116,36.44444444444444,62.5,34.77777777777778,37.68888888888889,-37.567603910633785,-0.34987038370234413,0.8460253997847379,tape
T+3,0.75xEM,8%,11.02530379789611,-1.3276556420327623,31.2277279478237,1.6003505420751327,29.388888888888886,68.55555555555556,23.333333333333332,37.68233387358185,-29.89312874154995,-0.10202456120999413,0.6943234344969277,tape
T+3,0.75xEM,10%,11.705414687543916,0.06894059411566786,30.7360758330188,1.4488330673358827,27.111111111111114,70.55555555555556,17.555555555555554,37.32283464566929,-29.21301785190215,-0.09246263949682516,0.6052470347184657,tape
T+3,0.75xEM,15%,19.510191802739953,6.196968101201298,41.28306277582732,1.692624558461055,25.166666666666664,72.11111111111111,8.944444444444443,37.442218798151,-21.408240736706112,0.10598050111819167,0.58637568324559,tape
T+3,0.75xEM,20%,24.43986313021208,15.128897301375646,39.667313834180284,1.5500806371416296,24.944444444444443,72.33333333333334,4.444444444444445,37.48079877112136,-16.478569409233994,0.16881353164169827,0.5567732941661285,tape
T+3,0.75xEM,0.5xEM,-19.48659371814665,-25.761820382178293,-9.223887739049493,-0.7369539995161015,55.111111111111114,44.0,54.50000000000001,37.121212121212125,-60.40502625759269,-0.8288023804350924,0.4119605780543039,tape
T+3,0.75xEM,1xEM,-3.5255709257492476,-14.646807451914352,14.662454256866305,0.8820466127131347,43.44444444444445,54.77777777777778,40.44444444444444,36.206896551724135,-44.444003465195294,-0.428978487574732,0.5428270631623572,tape
T+3,0.75xEM,1.5xEM,-1.3318424373271847,-12.021275308791292,16.149997266077502,0.840343443983493,36.333333333333336,61.33333333333333,30.833333333333336,36.41304347826087,-42.25027497677325,-0.27773145093166646,0.5339584253284125,tape
T+1,-,-,129.4291894018102,137.8391415151911,115.70573293402511,3.563593848391651,56.51930609960828,0.0,0.0,0.0,0.0,1.6921589727843969,0.8138867858873576,full
T+1,-,5%,104.26371836788317,109.17327707237484,96.25224407542838,4.1833765697108225,68.21488528259653,0.0,58.198097369893674,0.0,-25.16547103392704,1.8327181832498796,1.1520603917069647,full
T+1,-,8%,119.66993572732511,117.31603131654059,123.51106398527693,4.609043264949494,60.49244543928371,0.0,35.25461667599328,0.0,-9.759253674485045,1.671025118313074,1.2046854150994395,full
T+1,-,10%,123.97594915749026,118.87102838521358,132.30621751637474,4.519232248315075,58.53385562395076,0.0,25.62954672635702,0.0,-5.453240244319934,1.6599953032913233,1.1045178530322428,full
T+1,-,15%,128.53120043223194,124.46752723516308,135.16234903657988,4.243027433876676,56.85506435366536,0.0,10.016787912702855,0.0,-0.8979889695782618,1.637049587345578,1.002984521412645,full
T+1,-,20%,135.52997296821812,136.74046458115734,133.55467884872377,4.095280410715161,56.74314493564634,0.0,4.252937884722999,0.0,6.100783566407928,1.7072252660657286,1.022295421689422,full
T+1,-,0.5xEM,32.652630808804666,32.03601288795457,33.6588350154349,2.118421002291327,83.15612758813654,0.0,81.30945719082261,0.0,-96.77655859300552,0.7908320572307295,0.6650740949958746,full
T+1,-,1xEM,83.39608188023725,82.95780186345235,84.11127224636049,3.9644527053026546,75.3217683268047,0.0,67.54336877448237,0.0,-46.03310752157292,1.5202606849104958,1.0637782068908195,full
T+1,-,1.5xEM,90.81316201249699,86.40739172496572,98.00254857889557,4.036717341530938,69.50195858981533,0.0,53.16172355903749,0.0,-38.61602738931319,1.4720405962281535,1.046732388071883,full
T+1,2%,-,53.19346862321338,59.2633155092681,43.28862274729493,2.111643512966731,26.748740906547287,72.13206491326245,0.0,41.27230411171451,-76.23572077859683,1.0332099836512603,0.5092741947921907,full
T+1,2%,5%,45.15667192671623,41.81769656710532,50.60525027494723,3.9123730437844317,37.82876329043089,61.44376049244544,35.08673754896475,41.712204007285976,-84.272517475094,1.1857948781092245,1.1264321706142655,full
T+1,2%,8%,50.109245257266394,47.8274128622842,53.83276557190596,3.3151560930386803,30.665920537213204,68.38276440962507,20.76105204252938,41.48936170212766,-79.31994414454384,1.06607244928213,0.9566744649940966,full
T+1,2%,10%,55.69396171655692,54.468935452848534,57.6929736461429,3.238360764733974,29.099048684946837,69.7817571348629,15.10912143256855,41.138732959101844,-73.7352276852533,1.132198817667944,0.9332724283482967,full
T+1,2%,15%,53.54970714516083,52.21741216070218,55.72376140551454,2.7977851221475665,27.252378287632904,71.62842753217683,5.763850027979855,41.09375,-75.87948225664941,1.0361176776457144,0.7627777073451449,full
T+1,2%,20%,54.88656195577763,57.5310432507919,50.571267000143145,2.4801055162308736,26.97257974258534,71.9082260772244,2.630106323447118,41.245136186770424,-74.54262744603258,1.0480888461736981,0.6812407136283598,full
T+1,2%,0.5xEM,-1.7020371294138747,-2.380143480279901,-0.5954953963364746,-0.07096992709638698,56.29546726357023,43.536653609401235,55.95970900951315,44.087403598971726,-131.13122653122406,-0.132212720055372,0.1778623901868913,full
T+1,2%,1xEM,27.98014188596519,28.471421660342862,27.178465906568327,2.2876045565576097,46.67039731393397,52.99384443200895,44.54392837157247,42.977824709609294,-101.44904751584502,0.9124177404274353,0.7392295047947017,full
T+1,2%,1.5xEM,32.43643934410846,32.925860258173465,31.63779667432344,2.2663386357114486,39.50755456071629,59.82092893116956,34.4711807498601,42.1889616463985,-96.99275005770174,1.0013231193107008,0.7347045832465517,full
T+1,3%,-,53.463627924143886,68.02709865724877,29.69878908426139,1.3000437089320835,34.41522104085058,62.00335758254057,0.0,35.64981949458484,-75.96556147766631,1.0675646922023385,0.2848255141562439,full
T+1,3%,5%,48.1698773103462,51.101405958360964,43.386175186634325,2.878212358190672,46.222719641857864,51.4829322887521,41.91382204812535,36.41304347826087,-81.259312091464,1.2882940626507207,0.8790952629537354,full
T+1,3%,8%,57.06143355893033,61.318505138720944,50.114695251996636,2.6754746941780976,38.83603805260213,57.91829882484612,25.293788472299944,35.84541062801932,-72.36775584287984,1.2217672742582266,0.7517917198168418,full
T+1,3%,10%,61.28648446239933,67.16014735993052,51.70177387261352,2.5367828966615074,36.93340794627868,59.65304980414102,18.242865137101287,35.36585365853659,-68.14270493941088,1.2667014132806196,0.70119752501535,full
T+1,3%,15%,60.81697039355807,63.31366135144576,56.742841407785505,2.4734354896196966,35.14269725797426,61.38780078343593,6.9949636261891435,35.369188696444844,-68.61221900825213,1.1099326463944106,0.6276374010950739,full
T+1,3%,20%,61.018822310211895,68.00004508947528,49.62678278234173,2.1076335280525655,34.750979294907665,61.723559037493004,3.18970341354225,35.63009972801451,-68.4103670915983,1.0998291816312287,0.6124511699489256,full
T+1,3%,0.5xEM,-3.166003049058319,1.9066856346078138,-11.443674715482587,-1.1317938073662277,64.40962506994964,35.08673754896475,64.01790710688304,38.11802232854865,-132.59519245086847,0.04534241948401571,-0.0795808134002488,full
T+1,3%,1xEM,31.42527493303199,38.03712242083663,20.63598624895609,1.4858520470024175,55.17627308337997,43.48069390039172,51.9306099608282,36.93693693693694,-98.00391446877819,1.0701289598731933,0.5159401661282723,full
T+1,3%,1.5xEM,35.39668399174939,41.52945990553329,25.389149805486436,1.5751002002541854,48.06939003917179,49.91606043648573,40.570789031897036,36.65919282511211,-94.03250541006079,1.0648848230188623,0.5218001132306248,full
T+1,5%,-,48.87620066835708,69.59396651390828,15.068712366632882,0.5662505395991084,43.20089535534415,46.44655847789592,0.0,28.674698795180724,-80.5529887334531,0.9756875631142539,0.121902156427335,full
T+1,5%,5%,41.23693636663672,48.54380716641255,29.313500658018715,1.5907692047053448,55.23223279238948,37.94068270844992,48.796866256295466,29.35103244837758,-88.19225303517347,1.0106030610455374,0.6093041557907066,full
T+1,5%,8%,48.507320803629135,55.03693391935631,37.852223112575075,1.6959240009227377,47.62171236709569,43.14493564633464,29.490766648013427,28.793774319066145,-80.92186859818105,0.9031047236996206,0.5353885675969804,full
T+1,5%,10%,54.69692674374336,61.243530974615204,44.014102755811116,1.8232093164648215,45.71908226077224,44.54392837157247,21.48852825965305,28.266331658291456,-74.73226265806682,0.9719079947902286,0.5562511886897621,full
T+1,5%,15%,54.583257061638584,60.21916888617888,45.386511403920366,1.7017889183167276,43.87241186345831,45.88696138780078,8.282036933407946,28.292682926829265,-74.84593234017159,0.927766081556103,0.4630983928710184,full
T+1,5%,20%,57.136783487971805,67.81033559371171,39.719558549592094,1.454009000590381,43.59261331841074,46.11080022383884,3.6373810856183546,28.519417475728154,-72.29240591383835,0.9689158824422891,0.47122069119632587,full
T+1,5%,0.5xEM,-7.283873028507872,-0.2980670583915212,-18.683391459861205,-1.4491993857554812,72.8035814213766,24.566312255176275,71.85226636821488,31.435079726651484,-136.71306243031805,-0.04885602647376778,-0.17333741646386744,full
T+1,5%,1xEM,28.13092796974432,38.080239905941546,11.895526459720003,0.6945631378834899,63.68214885282597,31.617235590374932,58.58981533296027,30.08849557522124,-101.29826143206586,0.8825805401111243,0.34117726565764395,full
T+1,5%,1.5xEM,28.557904803909956,36.64107540098126,15.367694168335579,0.7866861409698509,56.79910464465585,37.10128707330722,45.99888080581981,29.11010558069382,-100.87128459790023,0.7957503020465128,0.2974295009676032,full
T+1,8%,-,70.89373490211213,89.47482290541353,40.572902048418506,1.3396626990683809,50.58757694459989,26.46894236149972,0.0,22.41014799154334,-58.53545449969807,1.1526320700788477,0.3146159671942026,full
T+1,8%,5%,59.04824768273041,68.19879198024519,44.11628438133661,2.0546146051065994,62.61891438164522,21.32064913262451,54.33687744823727,22.83464566929134,-70.38094171907981,1.2323150202434434,0.7063007445518721,full
T+1,8%,8%,66.53993540896309,71.62200396763629,58.2469575547512,2.283955046554288,54.840514829322885,24.454392837157247,32.56855064353665,22.42562929061785,-62.88925399284709,1.0813402375374868,0.6610482713929029,full
T+1,8%,10%,72.41406708968832,74.59512743053729,68.85498777060049,2.5093644008446723,52.93788472299944,25.349748181309455,23.61499720201455,21.63355408388521,-57.01512231212188,1.100929257474423,0.6989083762006687,full
T+1,8%,15%,72.52975252325659,77.82070749588,63.89591141918189,2.131315739773,51.035254616676,26.245103525461666,9.177392277560156,22.174840085287848,-56.89943687855359,1.0936224314190348,0.548345368768752,full
T+1,8%,20%,77.10082700536893,87.21940535866534,60.5892146114773,1.978009244067714,50.86737548964745,26.30106323447118,3.8612199216564074,22.340425531914892,-52.32836239644126,1.1496029062746127,0.5621571344549483,full
T+1,8%,0.5xEM,7.224937610778065,12.841995984504972,-1.941042769324147,-0.12922012640454852,79.1829882484611,13.038612199216566,77.8399552322328,24.463519313304722,-122.20425179103209,0.3076863415788149,0.20412958545323978,full
T+1,8%,1xEM,49.56285190271423,56.85783163832956,37.658820169191756,1.9127804361475391,70.67711247901511,16.843872411863458,64.07386681589256,23.588039867109632,-79.86633749909595,1.150519972459422,0.6796486297877313,full
T+1,8%,1.5xEM,51.56096626784491,57.37721370517075,42.06994688558124,1.8609741484385212,64.18578623391159,20.369334079462785,50.307778399552326,22.52747252747253,-77.86822313396527,1.036314320155876,0.5870221664855764,full
T+1,12%,-,92.458536713967,120.77005993887249,46.25946788746438,1.4267517263268454,54.61667599328484,12.479015109121432,0.0,15.246636771300448,-36.97065268784318,1.4715484107572523,0.29828317056773923,full
T+1,12%,5%,77.96055258339209,94.27683767920661,51.33545113101728,2.1755254496561456,66.42417459429211,9.904868494683827,56.79910464465585,15.254237288135593,-51.46863681841812,1.61452111803617,0.6702884540349491,full
T+1,12%,8%,89.45642871158769,103.61930492312997,66.34528461381319,2.402483143162729,58.81365416899832,11.247901510912143,34.191382204812534,14.427860696517413,-39.972760690222486,1.4632118796033167,0.6548291518880968,full
T+1,12%,10%,94.7614871971365,104.84628415650144,78.30499966992542,2.6528567661239078,56.79910464465585,11.807498601007275,24.790151091214327,14.218009478672986,-34.667702204673674,1.4478695796815024,0.7046141552879162,full
T+1,12%,15%,94.25177322436511,108.2049282325038,71.48285459547306,2.2302675668983913,55.00839395635143,12.311135982092893,9.569110240626749,15.0,-35.17741617744509,1.4131329253460765,0.5449913009727523,full
T+1,12%,20%,100.05459421534152,119.67175535822211,68.04308531061153,2.0837178921324795,54.8964745383324,12.311135982092893,3.9731393396754333,15.0,-29.37459518646865,1.4807795288175822,0.5600632785786741,full
T+1,12%,0.5xEM,13.180908461516976,20.095844522337636,1.89703636226913,0.11321885915149861,81.64521544487968,6.3794068270845,79.9664241745943,18.421052631578945,-116.2482809402932,0.4707654765105974,0.20127470529666838,full
T+1,12%,1xEM,59.46553767739563,69.08408950434233,43.769874313246945,2.041290840897333,73.64297705651931,8.17011751538892,66.25629546726357,17.123287671232877,-69.96365172441455,1.2515440113512486,0.6377034943240095,full
T+1,12%,1.5xEM,66.68556111440688,73.49147073068006,55.57959961981084,2.2850135878678817,67.82316731952994,9.736989367655289,52.26636821488528,14.942528735632186,-62.74362828740331,1.2289213407013853,0.6479115370476954,full
T+1,0.25xEM,-,49.323734029620375,53.85618384270282,41.92763035819864,2.3925715817557425,17.291550083939562,82.37269166200336,0.0,47.622282608695656,-80.10545537218984,1.093904379019504,0.5344270369362024,full
T+1,0.25xEM,5%,39.638308657827935,40.88389616212975,37.60574465964472,3.602841623222748,26.021264689423617,73.69893676552883,24.622271964185785,47.760060744115414,-89.79088074398227,1.4193911154893164,1.016383768407524,full
T+1,0.25xEM,8%,47.2627417668481,50.59077625236305,41.83201686264992,3.1575958616456328,20.64913262451035,79.01510912143257,15.165081141578064,47.6628895184136,-82.1664476349621,1.3435611449752876,0.8852399017094101,full
T+1,0.25xEM,10%,50.649429231550414,54.67768285064261,44.076078701426454,3.032413896151065,19.194180190263012,80.4700615556799,10.968102965864578,47.357440890125176,-78.77976017025979,1.3539915473578392,0.8427266620052113,full
T+1,0.25xEM,15%,48.66141361832466,47.95262101145443,49.818029536457516,2.978048929865861,17.73922775601567,81.92501398992725,4.420817011751539,47.404371584699454,-80.76777578348556,1.1647611843469126,0.7708416683575641,full
T+1,0.25xEM,20%,49.99240369643282,50.62300336008708,48.96338392127973,2.8075743683529315,17.459429210968104,82.20481253497482,1.9585898153329604,47.583390061266165,-79.43678570537739,1.1351271845612891,0.720211891340775,full
T+1,0.25xEM,0.5xEM,4.954803729080711,5.750606763612202,3.656203195559519,0.47721484023766547,41.13038612199216,58.645775041969785,40.73866815892557,47.99618320610687,-124.4743856727295,0.2585657053911406,0.2819565157420925,full
T+1,0.25xEM,1xEM,28.257302587775136,29.937672460746303,25.515255725842813,2.372298725527683,32.40067151650811,67.37548964745383,30.274202574146614,47.25913621262458,-101.17188681403506,1.0048131034419507,0.6738824751306054,full
T+1,0.25xEM,1.5xEM,31.54737058302085,34.73460309513866,26.3464079564722,2.1402189686011663,27.084499160604363,72.63570229434806,22.71964185786234,47.226502311248076,-97.88181881878933,1.1198385396536177,0.6275323458207991,full
T+1,0.5xEM,-,59.33233743948148,72.85923161104039,37.25899614038384,1.8045703899791212,25.74146614437605,72.29994404029098,0.0,42.56965944272446,-70.09685196232874,1.251444280270481,0.4335309270576446,full
T+1,0.5xEM,5%,45.81937128939417,49.666676359196174,39.54129468064508,2.9711156680754165,35.702294348069394,63.17851147174035,33.407946278679354,43.22409211691763,-83.60981811241604,1.4477794603957108,0.8534961711816155,full
T+1,0.5xEM,8%,56.09657144218818,60.166141154130784,49.45580083713311,2.9777802070013846,29.378847229994403,68.99832120872972,20.76105204252938,42.741281427412815,-73.332617959622,1.357308913838551,0.8758747160482868,full
T+1,0.5xEM,10%,59.20118088181118,63.86580143180231,51.58939948359293,2.8490672892405793,27.588136541689984,70.50923335198657,14.941242305540012,42.46031746031746,-70.22800851999904,1.3296735079956594,0.8255089170416955,full
T+1,0.5xEM,15%,58.736663420102204,64.87873732922091,48.713956658241315,2.4234591451201073,26.13318410744264,71.9082260772244,5.8198097369893675,42.33463035019455,-70.692525981708,1.2705894340351334,0.659735253769399,full
T+1,0.5xEM,20%,63.22006240834701,72.2992752289425,48.40449863040915,2.321961848512684,25.90934527140459,72.13206491326245,2.7420257414661444,42.51357641582622,-66.20912699346319,1.3029971994300393,0.6488941320297638,full
T+1,0.5xEM,0.5xEM,7.233129053847731,8.317858052602986,5.463055812874512,0.5375270900710098,53.777280358142136,45.27140458869614,52.7700055959709,43.75772558714463,-122.19606034796243,0.3612541689227786,0.3192858986008682,full
T+1,0.5xEM,1xEM,39.47415261849356,42.523380403443284,34.498387691064565,2.473024643893728,43.648573027420255,55.06435366536094,40.011191941801904,42.581300813008134,-89.95503678331663,1.224858259684875,0.7245981050897831,full
T+1,0.5xEM,1.5xEM,45.42223279290028,52.40302258672467,34.030899815643394,2.140162590224616,37.54896474538332,60.77224398433129,29.770565193060992,42.26519337016575,-84.0069566089099,1.384084677288646,0.6696351806445425,full
T+1,0.75xEM,-,70.52356636600938,87.44604628722661,42.90926923389059,1.811307778924793,32.51259093452714,63.234471180749864,0.0,37.9646017699115,-58.90562303580082,1.37452475139006,0.4795499664643722,full
T+1,0.75xEM,5%,53.536479119728135,58.18013787778665,45.95890341438377,2.926824257304248,43.31281477336318,54.11303861219922,39.45159485170677,38.77973112719752,-75.89271028208205,1.5048169653550112,0.9194874763372803,full
T+1,0.75xEM,8%,63.41081400586787,67.40812067394386,56.887963065914704,2.9495707583716833,36.42977056519306,59.93284834918858,24.062674874090657,38.28197945845005,-66.01837539594233,1.3776605426417998,0.8898610826181045,full
T+1,0.75xEM,10%,66.05993614865187,71.94202165762415,56.46148144476188,2.707362769102484,34.52714045886962,61.499720201454956,17.23559037493005,37.94358507734304,-63.36925325315834,1.3622592595281189,0.7877021791744924,full
T+1,0.75xEM,15%,70.41454638718226,75.23136855797443,62.554400635727546,2.670795504031738,33.016228315612764,62.73083379966424,7.050923335198657,37.73416592328278,-59.01464301462794,1.328002439599812,0.7392191516047975,full
T+1,0.75xEM,20%,74.6327157227772,85.83221471289009,56.3572446166725,2.3516574022075205,32.736429770565195,63.0106323447118,3.18970341354225,37.92184724689165,-54.79647367903301,1.3972197242850144,0.7001780820000842,full
T+1,0.75xEM,0.5xEM,7.642078726486924,14.126515960195826,-2.939300441332614,-0.24210327647529414,61.44376049244544,36.653609401231115,60.32456631225518,39.541984732824424,-121.78711067532325,0.5232293322282671,0.17881052108686485,full
T+1,0.75xEM,1xEM,43.375863140911136,49.5279003346361,33.33689817677673,2.0614273008076673,51.70677112479015,45.38332400671516,46.55847789591494,38.10110974106042,-86.05332626089906,1.2913769259820715,0.7005503951352402,full
T+1,0.75xEM,1.5xEM,48.530134979612704,57.63815745764155,33.66755927172471,1.8334701917340102,44.991606043648574,51.315053161723554,34.583100167879124,37.73173391494002,-80.8990544221975,1.3512017896017057,0.6470320457256126,full
T+3,-,-,169.13350930239477,179.14032094043827,152.80427911837086,3.758329679135809,57.30274202574147,0.0,0.0,0.0,0.0,1.5422476602533268,0.8520601426558401,full
T+3,-,5%,105.28792409210045,108.15274540675138,100.61307576127098,3.8840070335383112,71.40458869613879,0.0,64.85730274202575,0.0,-63.84558521029428,1.40366603896782,0.8303795660335146,full
T+3,-,8%,139.49694038908595,135.83148167134735,145.47827803158134,4.74527809125244,63.514269725797426,0.0,45.71908226077224,0.0,-29.636568913308743,1.5679318912090552,1.0163554118597107,full
T+3,-,10%,137.71621051266675,134.33828851496668,143.22834243233044,4.261555138707487,60.32456631225518,0.0,33.967543368774486,0.0,-31.417298789728004,1.4103602759194374,0.953603675321315,full
T+3,-,15%,154.5745817657309,147.12778445363767,166.7263511645517,4.46924772777437,58.03021824286514,0.0,17.06771124790151,0.0,-14.558927536663827,1.47819321221113,0.9767621737049268,full
T+3,-,20%,162.43230279348188,160.9460173004661,164.8576405346622,4.224618472908366,57.63850027979854,0.0,8.673754896474538,0.0,-6.701206508912875,1.5300654267834275,0.964524571241985,full
T+3,-,0.5xEM,30.557618047641096,26.92058863000517,36.49256443164791,2.156473741378596,85.17067711247901,0.0,84.05148293228876,0.0,-138.5758912547536,0.5029772724158117,0.22132427083710896,full
T+3,-,1xEM,86.35594136944809,83.02021419369281,91.79921929395012,3.890912424577423,77.00055959709009,0.0,72.24398433128147,0.0,-82.77756793294661,1.1912850811371185,0.8103605576343786,full
T+3,-,1.5xEM,97.05455752893444,92.92811095610406,103.78814044895809,3.777162102861641,71.1247901510912,0.0,60.268606603245665,0.0,-72.07895177346028,1.1757014357486493,0.6904060181825428,full
T+3,2%,-,76.59161088889181,82.63220201407165,66.73450489964398,2.6819576690251763,23.894795747062116,75.26580861779519,0.0,44.386617100371744,-92.54189841350299,1.020274723746295,0.5315159318989231,full
T+3,2%,5%,45.60578148566785,41.87403166040658,51.69529371893661,3.98129223031094,37.32512590934527,62.05931729155009,36.03805260212647,44.63480613165014,-123.52772781672691,1.0293253655766943,0.8032237270679286,full
T+3,2%,8%,53.87209365105878,49.984444972203185,60.21600342450798,3.604146657252094,28.987129266927813,70.28539451594852,23.8388360380526,44.5859872611465,-115.26141565133598,1.005768989394135,0.7207177887376264,full
T+3,2%,10%,60.81598466295654,59.89976874888759,62.3110763165477,3.370641582828156,26.91662003357583,72.29994404029098,18.242865137101287,44.040247678018574,-108.31752463943826,1.0405237734008652,0.6949892380070934,full
T+3,2%,15%,65.40228580203093,60.50020775952515,73.40155306432312,3.3689719251410466,24.622271964185785,74.53833240067152,9.065472859541131,44.294294294294296,-103.73122350036385,1.0068327706781568,0.655355711851821,full
T+3,2%,20%,67.37253433109274,68.48343987900812,65.55974589649738,2.8625963801989522,24.17459429210968,74.98601007274762,4.588696138780078,44.40298507462687,-101.76097497130205,1.0615538339167037,0.5542572449164705,full
T+3,2%,0.5xEM,-1.9966040803256015,-2.8769818478753444,-0.5599935259145365,-0.06659210932550576,56.18354784555121,43.70453273642977,56.127588136541696,46.35083226632523,-171.13011338272034,-0.26213571119191514,-0.2379479094088993,full
T+3,2%,1xEM,28.636068898119504,29.375404368896614,27.429612783802803,2.2887393593039143,46.11080022383884,53.55344152210408,45.1035254616676,44.827586206896555,-140.49744040427524,0.8547768534870388,0.4785627657181591,full
T+3,2%,1.5xEM,34.48634386769687,35.24381807593835,33.25028875321738,2.32002379199752,38.668158925573586,60.940123111359824,35.7582540570789,44.62809917355372,-134.64716543469788,0.9090895801674945,0.579957685000007,full
T+3,3%,-,80.28965323125576,99.82538400808663,48.41102333327552,1.7765200894890874,31.11359820928931,66.98377168438724,0.0,39.097744360902254,-88.843856071139,1.148037726550662,0.41436179338945267,full
T+3,3%,5%,49.0652097007595,53.07078095676829,42.528872511278266,2.798826006356836,45.77504196978175,53.10576385002798,43.648573027420255,39.620653319283456,-120.06829960163525,1.215595858241995,0.613029578075743,full
T+3,3%,8%,63.308617302880656,68.09255370057623,55.50213493373969,2.874222058952839,37.32512590934527,60.99608282036934,29.546726357022944,39.357798165137616,-105.82489199951408,1.2161958009358285,0.6124697278572527,full
T+3,3%,10%,68.19368669087612,77.74818256271523,52.60255057011366,2.4830969886929073,34.63905987688864,63.514269725797426,22.38388360380526,38.6784140969163,-100.93982261151862,1.254450752918692,0.58423595449271,full
T+3,3%,15%,73.86458708395733,77.20065157480695,68.42075872480943,2.7608365092490805,32.12087297146054,65.976496922216,11.135982092893117,39.016115351993214,-95.26892221843744,1.1796744947090587,0.6458654729115406,full
T+3,3%,20%,76.08780680053599,84.72176633766506,61.998812445397554,2.3612586214848763,31.561275881365418,66.53609401231112,5.595970900951315,39.1084945332212,-93.04570250185877,1.2010644980862542,0.6343615447653501,full
T+3,3%,0.5xEM,-3.6049286801189706,0.8467762208694725,-10.869271876430007,-1.0678903864129101,64.35366536094013,35.422495803021825,64.29770565193061,41.39020537124802,-172.7384379825137,0.0051745684956766526,-0.20365935565668347,full
T+3,3%,1xEM,30.909865603234234,38.00836484529292,19.326452996163507,1.377917132486515,54.56071628427532,44.6558477895915,52.93788472299944,39.34837092731829,-138.2236436991605,0.9970742683641096,0.39597599926161386,full
T+3,3%,1.5xEM,37.29290963961297,46.16230323886633,22.81973127735566,1.3781650252570645,46.83827644096251,52.09848908785675,42.86513710128707,39.41997851772288,-131.84059966278176,1.0351241784455365,0.4629927692850556,full
T+3,5%,-,79.21027995880557,109.71212983440005,29.437010942371593,0.9259617226106335,40.402909904868494,53.66536094012311,0.0,31.49113660062565,-89.92322934358914,1.0834855943593822,0.342938143367326,full
T+3,5%,5%,44.18865467191216,53.925343689141,28.300213683562337,1.5096462833260416,55.62395075545608,40.962506994963626,52.15444879686626,31.967213114754102,-124.94485463048255,0.9459122329054211,0.4817787402283688,full
T+3,5%,8%,56.439292430115,67.46849030782488,38.44172063556045,1.6509780084260581,46.782316731952996,48.29322887520985,35.3105763850028,31.63383545770568,-112.69421687227971,0.9943495391997503,0.4912800713154195,full
T+3,5%,10%,62.211394692435604,75.88441288083023,39.899606544068526,1.5667167230651018,43.98433128147733,50.531617235590375,26.91662003357583,31.118493909191585,-106.92211460995914,0.9963881214737563,0.5054735118237086,full
T+3,5%,15%,70.0472343540753,81.7117385085566,51.012962479015904,1.7535441032421903,41.41018466703973,52.65808617795188,13.48628987129267,31.34962805526036,-99.08627494831944,1.0457362366236076,0.536852293739593,full
T+3,5%,20%,72.77463984055792,89.48114891908278,45.51276641050561,1.4882403894521552,40.90654728595411,53.16172355903749,6.659205372132066,31.36842105263158,-96.35886946183682,1.0684804360849485,0.5272248465496271,full
T+3,5%,0.5xEM,-8.122147426227889,-2.050090678259256,-18.030599380203206,-1.384428955548147,73.25125909345272,25.853385562395076,72.85954113038612,33.33333333333333,-177.2556567286226,-0.13860995761872383,-0.18008697567694174,full
T+3,5%,1xEM,26.311889335096676,35.24942540291515,11.727515309849458,0.6652534279137855,63.4023503077784,34.13542249580302,60.77224398433129,31.967213114754102,-142.82161996729803,0.6761966656700943,0.32744361348093,full
T+3,5%,1.5xEM,27.60458139466857,39.26162808850566,8.582478689555932,0.42127109635160925,55.679910464465586,40.850587576944605,49.468382764409625,31.917808219178085,-141.52892790772614,0.660869426173186,0.2752918480825114,full
T+3,8%,-,105.04006739262628,129.02673233383697,65.89835199518681,1.802727781223502,49.63626189143817,33.85562395075545,0.0,22.644628099173552,-64.09344190976844,1.1563316921444817,0.4039290343626709,full
T+3,8%,5%,60.94734562381369,74.09465023135222,39.49342293581264,1.769276872051085,64.40962506994964,25.01398992725238,59.205372132064916,23.2662192393736,-108.18616367858108,1.099174495219027,0.5288930345691186,full
T+3,8%,8%,78.04190315475645,88.71360643249746,60.62769515514375,2.230195368086601,55.903749300503634,29.994404029099048,40.73866815892557,22.574626865671643,-91.09160614763826,1.112863364973095,0.5246591206071878,full
T+3,8%,10%,81.73794678572538,89.50267653232616,69.0673715880322,2.338405695669946,52.88192501398993,31.561275881365418,30.665920537213204,22.163120567375884,-87.39556251666939,1.0342759023630168,0.5763379465148982,full
T+3,8%,15%,89.68809405344963,100.45304698949299,72.1217201902154,2.1680820499422437,50.36373810856184,33.29602686066033,15.27700055959709,22.689075630252102,-79.44541524894511,1.0914279717814934,0.54667237440186,full
T+3,8%,20%,97.39714815231903,111.22235125721204,74.83702290898852,2.1352570373180684,49.97202014549524,33.519865696698375,7.722439843312815,22.70450751252087,-71.73636115007571,1.1346759673773386,0.5546899854206226,full
T+3,8%,0.5xEM,6.390556387877541,10.89153398740851,-0.9541905639344012,-0.06134438346674962,80.52602126468943,14.829322887520984,79.63066592053721,23.39622641509434,-162.7429529145172,0.18352543866087515,0.011869688710672963,full
T+3,8%,1xEM,48.570641330252464,56.39068786125679,35.80979956831904,1.7403903082118428,71.5165081141578,19.753777280358143,67.65528819250139,22.379603399433428,-120.56286797214229,0.9663527822716396,0.46583132191585447,full
T+3,8%,1.5xEM,53.16226143224073,63.967613335225785,35.529964070668676,1.4743342746260735,64.46558477895915,24.454392837157247,55.62395075545608,22.42562929061785,-115.97124787015402,0.8702219391726674,0.3766253155119005,full
T+3,12%,-,123.98149012170161,157.23108786873897,69.72441456394405,1.7765356552625688,54.22495803021824,18.074986010072745,0.0,17.027863777089784,-45.15201918069316,1.3392729142440876,0.40442679981299257,full
T+3,12%,5%,81.81367838218425,101.31014324088251,49.99912306047921,1.99830796346183,69.16620033575825,12.870733072188026,62.89871292669278,15.217391304347828,-87.3198309202105,1.3803430468630502,0.5183419987691584,full
T+3,12%,8%,100.57745948548975,115.49504559715722,76.23477110297497,2.5375909571369606,60.77224398433129,15.780637940682709,43.76049244543928,15.602836879432624,-68.55604981690495,1.3464680596479723,0.5929689879294808,full
T+3,12%,10%,100.77084417820309,115.90748018904739,76.07070765387986,2.3441655892010487,57.58254057078903,16.73195299384443,32.62451035254617,15.719063545150503,-68.36266512419166,1.2299200278257747,0.5602152904485577,full
T+3,12%,15%,111.05742355524006,128.16426471496285,83.14228363628148,2.3012949380682657,55.00839395635143,17.62730833799664,16.228315612758813,17.142857142857142,-58.076085747154686,1.2858253673990718,0.5648873276849223,full
T+3,12%,20%,118.07081930353266,140.4321116700768,81.58140554487157,2.1592596668080986,54.61667599328484,17.73922775601567,8.17011751538892,17.034700315457414,-51.062689998862076,1.3281363520316751,0.5649548295738029,full
T+3,12%,0.5xEM,10.267875084956621,19.451966128254146,-4.718830181573049,-0.26286651087170954,83.43592613318411,8.058198097369894,82.37269166200336,16.666666666666664,-158.8656342174381,0.2936810111634178,-0.05250193389012473,full
T+3,12%,1xEM,56.69567850310195,69.40709687156483,35.95303998725972,1.5597197620005527,74.98601007274762,10.576385002797986,70.56519306099608,15.873015873015872,-112.43783079929277,1.0095606659723533,0.4715267833318598,full
T+3,12%,1.5xEM,69.69167289652061,84.10725529867871,46.168159933941595,1.7418671510633783,68.99832120872972,12.758813654169,59.09345271404589,14.912280701754385,-99.44183640587411,1.0170410025231322,0.3905722695865226,full
T+3,0.25xEM,-,63.65817900711973,70.12841899935594,53.09996706102586,2.5715964212850544,15.27700055959709,84.49916060436486,0.0,49.735099337748345,-105.47533029527504,1.0345703984803916,0.4069044376360981,full
T+3,0.25xEM,5%,39.60518600949673,40.07644675367024,38.83617731355527,3.694015052028732,25.62954672635702,74.25853385562395,25.18186905428092,49.811605124340616,-129.52832329289802,1.2062601927175973,0.6728429432889839,full
T+3,0.25xEM,8%,48.93326039220877,51.504648921329554,44.73723905161107,3.2838292080406846,19.473978735310578,80.35814213766088,16.787912702853948,49.86072423398329,-120.20024891018596,1.2304619307658589,0.6088768256995034,full
T+3,0.25xEM,10%,54.74641098760833,59.70982731306524,46.647051210574034,3.0933914239779456,17.79518746502518,82.03693340794628,12.98265249020705,49.5225102319236,-114.38709831478644,1.2362873864614907,0.5896103801182592,full
T+3,0.25xEM,15%,55.683252902301575,53.083815850117325,59.925044145041106,3.2968234309138307,15.836597649692221,83.93956351426972,6.267487409065472,49.6,-113.45025640009318,1.0371681758659046,0.596274882370963,full
T+3,0.25xEM,20%,57.881006419046614,58.879331312164105,56.25192839021865,2.8994632029836254,15.44487968662563,84.33128147733632,3.5254616675993287,49.70139349701393,-111.25250288334814,1.066945623447102,0.4885323935518483,full
T+3,0.25xEM,0.5xEM,4.941241628180833,5.4811221419975915,4.06025840386718,0.5223628118603503,41.07442641298265,58.81365416899832,40.962506994963626,50.14272121788773,-164.1922676742139,0.10786668589783302,0.045666940677546335,full
T+3,0.25xEM,1xEM,29.147083004286593,31.28405762720895,25.659943266145238,2.3474049144695526,31.952993844432008,67.82316731952994,30.777839955232235,48.92739273927393,-139.98642629810817,0.8713712204059896,0.4892836777653078,full
T+3,0.25xEM,1.5xEM,32.69285827078172,36.906013335768286,25.817783437195384,2.0307831365269458,26.30106323447118,73.47509792949076,23.61499720201455,48.895658796648895,-136.44065103161304,0.9286097521394611,0.48035735333927676,full
T+3,0.5xEM,-,77.00925963297513,93.01943433854645,50.88367263183661,2.072028115607202,22.663682148852825,76.27308337996642,0.0,45.41452677916361,-92.12424966941964,1.2055144068942183,0.3419006162993977,full
T+3,0.5xEM,5%,45.10737933711792,47.95379021570789,40.46257336734225,3.019601053165283,35.19865696698377,64.35366536094013,34.30330162283156,45.565217391304344,-124.02612996527682,1.2108657263679912,0.6718367237985239,full
T+3,0.5xEM,8%,60.049294069496675,62.1568850155416,56.6101029528284,3.306667747824071,27.979854504756574,71.1247901510912,23.503077783995526,45.633359559402045,-109.08421523289806,1.2174545825475596,0.7067519092753042,full
T+3,0.5xEM,10%,61.872708048250104,68.45978704892619,51.12383686599808,2.7036637994214523,25.517627308338,73.53105763850027,17.96306659205372,45.053272450532724,-107.26080125414464,1.1705687752638256,0.6074466933992052,full
T+3,0.5xEM,15%,67.62982509468048,73.10608228614734,58.6936057012412,2.662866532103564,23.335198656966984,75.60156687185227,8.953553441522104,45.225758697261284,-101.50368420771426,1.1984269148599866,0.5251022697483648,full
T+3,0.5xEM,20%,72.11959416596734,82.09017410654486,55.8494872820794,2.3989509302172944,22.94348069390039,75.99328483491887,4.588696138780078,45.36082474226804,-97.01391513642743,1.2251078515225025,0.46398550251894033,full
T+3,0.5xEM,0.5xEM,7.178979471600139,7.813661703397469,6.143297714852809,0.5908970118189898,53.777280358142136,45.88696138780078,53.32960268606604,45.85365853658537,-161.9545298307946,0.23800033469473297,0.08943663630899672,full
T+3,0.5xEM,1xEM,39.8726324140152,42.95926626595561,34.8358278367693,2.4246733851717144,43.03301622831561,56.127588136541696,40.90654728595411,44.36689930209372,-129.26087688837953,1.0292700664794006,0.5594874744488528,full
T+3,0.5xEM,1.5xEM,45.223672463953584,54.22766854482905,30.530848225941796,1.842021188201098,36.14997202014549,62.84275321768327,31.393396754336877,43.9893143365984,-123.90983683844117,1.1521171710298552,0.541464181546695,full
T+3,0.75xEM,-,97.9104470963793,121.52696770269894,59.37273747664124,2.0618098031456817,29.043088975937327,68.32680470061557,0.0,41.35954135954136,-71.22306220601547,1.3143688564021645,0.40447178876235745,full
T+3,0.75xEM,5%,52.53761739574027,57.44240860820944,44.53392275153432,2.793258029200335,42.697257974258534,56.01566871852266,41.07442641298265,41.858141858141856,-116.5958919066545,1.338485303224348,0.6357893825846231,full
T+3,0.75xEM,8%,69.00673119335826,72.82608417069297,62.77426713019648,3.1201739355573883,34.69501958589815,63.17851147174035,28.42753217683268,41.80690876882196,-100.12677810903648,1.2656691258094104,0.6372087324212993,full
T+3,0.75xEM,10%,71.67420299543626,82.70379696457861,53.67598485433215,2.44219034468586,32.064913262451036,65.58477895914942,21.544487968662562,41.12627986348123,-97.45930630695848,1.2705816175989542,0.5291742710343053,full
T+3,0.75xEM,15%,82.89556035243105,90.27685004022824,70.85068704745414,2.7581699289417574,29.882484611080024,67.48740906547286,11.080022383883604,41.2106135986733,-86.23794894996371,1.3043547436335592,0.5460294306555894,full
T+3,0.75xEM,20%,87.08888616494231,103.07340282419874,61.005168258526815,2.2751023627248355,29.378847229994403,67.99104644655849,5.595970900951315,41.31687242798353,-82.04462313745245,1.3465080910123388,0.475060773787591,full
T+3,0.75xEM,0.5xEM,7.614425044927271,13.597345568838733,-2.1485733946808265,-0.17334698849136124,61.66759932848349,37.4370453273643,61.052042529378845,41.85351270553064,-161.51908425746745,0.4830523005750675,-0.04467058403034886,full
T+3,0.75xEM,1xEM,43.92532300057091,50.35546473092841,33.432543858838805,1.9944669427031467,51.035254616676,47.11807498601007,48.29322887520985,40.02375296912114,-125.20818630182382,1.1428037907291044,0.4414275875056547,full
T+3,0.75xEM,1.5xEM,49.0938664362231,62.573039642033606,27.09839675722747,1.393366802873906,43.36877448237269,54.168998321208726,37.32512590934527,40.18595041322314,-120.03964286617163,1.1784785280058618,0.3999605053097423,full
