rule,sharpe_all,cagr,maxdd,bp,win%,sh_train,sh_test,n,avg_hz
gd T+3/T+1 sl=- tp=10.0,2.263100386627048,40.83320572305467,13.629615515409753,144.4179964960755,60.268606603245665,1.3800643321053518,1.3494656142516115,1787,2.186345831001679
rev T+3 sl=- tp=10.0,1.8740250135606928,33.304305216969944,11.54838977492717,122.98119061747937,51.98656966983771,0.9501815102467971,1.2930611343144451,1787,2.144935646334639
rev T+3 sl=- tp=15.0,1.9183086721072382,39.32911278915909,15.175198030740644,137.15590051298733,49.188584219362056,0.999205970382765,1.2723915150176655,1787,2.144935646334639
gd T+3/T+1 sl=- tp=15.0,2.258158753955378,44.37265515992339,15.988279934735061,152.75023411517017,58.365976496922215,1.4047655323870696,1.2648934411895314,1787,2.186345831001679
gd T+3/T+1 sl=- tp=20.0,2.2761855473183625,46.79045359791842,15.36012710197886,162.84949748076178,58.198097369893674,1.4443193548688062,1.2408241741914803,1787,2.186345831001679
rev T+3 sl=- tp=20.0,1.9025313687407035,41.22286970500677,13.008605392851337,145.59257239040343,48.796866256295466,1.0375558669355898,1.2197188863870934,1787,2.144935646334639
rev T+3 sl=- tp=30.0,1.9008615126994926,43.69999572853489,13.091371300727905,148.85150285998196,48.517067711247904,1.1245257910361044,1.1470052411643092,1787,2.144935646334639
reversal hold T+3 if d1>0,1.849639569773452,44.73055506331942,13.091371300727905,153.39753211900728,48.46110800223839,1.0969386677299708,1.135036854108119,1787,2.144935646334639
T+5 sl=- tp=10.0,1.7474561214330522,29.24158645361141,17.169859318432824,141.55808761419345,60.38052602126469,0.6626813303023061,1.1345389104781858,1787,5.0
runner T+3 if d1>2%,1.8500763969565635,45.17444525703398,13.612991641692451,156.47608320875892,52.21040850587577,1.0972304211398225,1.1123634459209641,1787,1.927811975377728
gd T+3/T+1 sl=- tp=30.0,2.199282944165941,46.223320098327214,18.028758520911616,160.86709930176175,57.91829882484612,1.4753423994390433,1.1112914632267994,1787,2.186345831001679
guidance T+3/T+1,2.135300883256958,48.05217964700679,18.028758520911627,166.88639932087935,57.91829882484612,1.4009955202835782,1.1073405245422518,1787,2.186345831001679
T+1 sl=- tp=10.0,1.9957887860200225,35.43976860100917,16.10260335368796,123.97594915749026,58.53385562395076,1.3441151832305813,1.1045178530322428,1787,1.0
runner T+3 if d1>1%,1.8169822392776322,44.003805588892874,13.391846220954085,154.68650092543155,50.531617235590375,1.0911348993738244,1.0964216661528738,1787,2.0318970341354223
reversal T+3 if d1>-1%,1.8150336530343705,43.89797067178094,19.432349156036686,153.236010665319,50.979294907666485,1.088729694754909,1.0916964483838587,1787,2.259093452714046
rev T+5 sl=- tp=10.0,1.5867405609654865,26.759128733229897,12.941521036803504,115.06419096983765,50.86737548964745,0.696799644820872,1.0761912318093692,1787,3.289871292669278
rev T+5 sl=- tp=15.0,1.573560603774078,30.080565346635012,15.867967778553172,122.27562791519938,46.95019585898154,0.781109778691282,1.0497500179040238,1787,3.289871292669278
runner T+3 if d1>3%,1.854711352587511,44.12320087379569,13.612991641692407,156.97153925858962,53.66536094012311,1.1551820129698864,1.0462008975539745,1787,1.8147733631785115
T+1 sl=- tp=20.0,1.9815966092121737,39.95719244785481,17.682452334938382,135.52997296821812,56.74314493564634,1.3718306303662504,1.022295421689422,1787,1.0
guidance T+2/T+1,2.0512700164729636,43.983176991474025,18.26676111847626,152.87592470499763,57.91829882484612,1.3868185294994773,1.0156927188749096,1787,1.5931729155008394
reversal hold T+2 if d1>0,1.9274069417019644,44.44278589830648,13.173699050133314,153.82929080065412,50.75545607162842,1.2650077591034665,1.0137683054655453,1787,1.5724678231673195
reversal T+3 if d1>-2%,1.8550626236015864,45.39651515740684,18.552125335103074,156.18134810309184,53.04980414101846,1.1646215682284389,1.0116081547130824,1787,2.3665360940123112
runner T+5 if d1>2%,1.6111427490956227,34.963915194640464,14.01041107340567,137.50953615634768,49.86010072747622,1.0180249023457437,1.0084652421342772,1787,2.855623950755456
T+1 sl=- tp=15.0,1.9086478051793054,37.17059286094151,18.339354059890844,128.53120043223194,56.85506435366536,1.2951957643086667,1.002984521412645,1787,1.0
rev T+5 sl=- tp=20.0,1.5882177718213653,32.06128831646098,20.082977946974967,130.90605894187775,46.44655847789592,0.8469253809406341,1.0025887797432007,1787,3.289871292669278
rev T+3 sl=15.0 tp=10.0,1.574344715372995,27.03205358446745,15.13559202352207,105.91294973301085,51.203133743704534,0.8889776467923127,0.9950998044485354,1787,2.144935646334639
T+5 sl=- tp=15.0,1.6572423524963873,31.25002103480856,17.910364771067655,150.70683135466612,56.96698377168439,0.7750157842011556,0.9856169869974322,1787,5.0
plain T+2,1.8518305256720184,40.28933085005557,17.401590025813974,153.99393798041544,57.52658086177952,1.1598556063674106,0.9783658306638091,1787,2.0
runner T+5 if d1>3%,1.613623430802168,34.603367314006725,16.858015977422703,141.4728432401158,51.59485170677113,1.001820489874253,0.9778036511476587,1787,2.629546726357023
T+3 sl=- tp=15.0,1.7936257465150531,35.659475276225436,21.941576372880668,154.5745817657309,58.03021824286514,1.0039873224405695,0.9767621737049268,1787,3.0
T+3 sl=- tp=20.0,1.8324699466319885,38.83923566512904,21.3522565073348,162.43230279348188,57.63850027979854,1.075923721396955,0.964524571241985,1787,3.0
gd T+3/T+1 sl=15.0 tp=10.0,1.803628776668784,31.24899276771338,20.751333873168054,122.34465843390815,59.1494124230554,1.1117938369853098,0.9632383751262814,1787,2.186345831001679
reversal hold T+4 if d1>0,1.6341206852864791,39.06625653104876,24.925238791194726,149.26511771653767,47.2299944040291,0.9711963209065314,0.9584302771470546,1787,2.7174034695019587
T+3 sl=- tp=10.0,1.7187559345214558,30.864442759892952,17.950880239256527,137.71621051266675,60.32456631225518,0.9491373733092454,0.953603675321315,1787,3.0
T+5 sl=- tp=20.0,1.6728345971529124,33.26319463714946,16.94291108473105,161.14999176019867,56.463346390598765,0.8313387822179146,0.9392743550277075,1787,5.0
rev T+3 sl=15.0 tp=15.0,1.55056941959538,30.211496344321876,17.957252357905375,113.5637942444764,48.29322887520985,0.8739252393979381,0.9200320877765251,1787,2.144935646334639
conf T+3 if high/med,1.934871544976165,44.58434729423726,16.81856676255612,166.9779137992845,57.58254057078903,1.2308927503592038,0.9117037733952243,1787,2.535534415221041
T+1 sl=15.0 tp=10.0,1.640681757817103,27.90074096928976,14.297411169165608,104.6035398144319,57.694459988808056,1.0767084716545527,0.9020749138908738,1787,1.0
conf T+5 if high,1.8894011958696322,37.682444851023924,17.739996475674868,135.43886944362362,56.63122551762731,1.3255665864581199,0.8861395663838756,1787,1.3760492445439283
rev T+5 sl=15.0 tp=10.0,1.3157612587669842,20.97018417595409,18.15961902693398,97.42981838626014,50.08393956351427,0.5666885315254506,0.8710657712317439,1787,3.289871292669278
rev T+3 sl=15.0 tp=20.0,1.5402056078732065,31.597971441820594,20.907513875759165,120.38306470235902,47.90151091214326,0.9079915018068992,0.8639221206955153,1787,2.144935646334639
guidance T+5/T+1,1.7258758904025129,35.18073655884777,18.62344915383648,148.720511288117,56.29546726357023,1.063351232580059,0.8560384016016234,1787,3.3726916620033576
plain T+3,1.7827395642865884,40.1198402296465,20.288544911888597,169.13350930239477,57.30274202574147,1.1405257957767454,0.8520601426558401,1787,3.0
conf T+3 if high,1.7573398270694365,35.784784505279774,17.739996475674868,129.49136311981567,56.68718522663683,1.1769814522141506,0.8518779660778106,1787,1.1880246222719641
T+3 sl=- tp=30.0,1.8132488342678703,39.904516154180094,19.997009141284828,165.01601114093893,57.35870173475098,1.1636176749318365,0.8440530889825708,1787,3.0
guidance T+4/T+1,1.9183014983980113,41.49770606310958,18.751387254482832,161.07378856694842,57.19082260772244,1.3523236271512784,0.831620599734674,1787,2.7795187465025184
T+1 sl=- tp=30.0,1.8737932725356816,37.66157734568427,19.1922744373347,129.96348836597318,56.51930609960828,1.413243857929708,0.8235664632393617,1787,1.0
plain T+1,1.848851532639251,37.32616555125501,19.19227443733469,129.4291894018102,56.51930609960828,1.377483356564583,0.8138867858873576,1787,1.0
gd T+3/T+1 sl=15.0 tp=15.0,1.7309139527616784,32.33358215746733,23.38265718449567,125.24124835220525,57.134862898712925,1.0950815901663358,0.8130283716702867,1787,2.186345831001679
runner T+5 if d1>1%,1.4838430716194162,31.99494211228906,21.158514007584994,132.21496786983204,48.01343033016228,0.9473085709286369,0.8078763449278575,1787,3.063794068270845
rev T+5 sl=15.0 tp=15.0,1.2604965902830885,22.581263590997036,21.205922653682762,99.86358046676041,46.11080022383884,0.5981076717940087,0.7970627113320303,1787,3.289871292669278
reversal T+5 if d1>-1%,1.5276808309437029,32.798621487904356,18.013428520079167,130.022753670263,48.628987129266925,0.9763109794173449,0.7926180779527334,1787,3.5181869054280916
gd T+3/T+1 sl=15.0 tp=20.0,1.7659190113456598,34.380379057879075,22.414978504766168,134.30269299871904,56.96698377168439,1.1582140005753847,0.7805655668742979,1787,2.186345831001679
rev T+5 sl=- tp=30.0,1.4991202434719764,30.978285537156403,21.34603410572664,128.84312645963456,46.05484051482932,0.9390363905858189,0.7671467257579793,1787,3.289871292669278
rev T+3 sl=8.0 tp=10.0,1.232046904716668,18.307562186737325,13.53322814560749,78.82132672020707,47.34191382204813,0.7725497730195421,0.7620030038068625,1787,2.144935646334639
rev T+3 sl=10.0 tp=10.0,1.4385071608606843,22.81009992865959,14.940692178145232,93.79457725313418,49.58030218242865,0.8943366145874928,0.7597585093395571,1787,2.144935646334639
rev T+3 sl=15.0 tp=30.0,1.5293418578169924,33.22450797795258,20.974751508799784,122.75514250249768,47.56575265808618,1.0033015875440983,0.7526706567258595,1787,2.144935646334639
rev T+5 sl=8.0 tp=10.0,1.1995919474630488,16.76145319030915,11.864826106907245,73.52337977783468,46.334639059876885,0.6523889297766721,0.7458366223764222,1787,3.289871292669278
rev T+3 sl=15.0 tp=-,1.4952100334073002,34.07654814415666,20.97475150879977,126.99968431868243,47.50979294907666,0.986814460605057,0.74072971515557,1787,2.144935646334639
rev T+5 sl=15.0 tp=20.0,1.2717864556185214,24.060807802554017,23.70613536971814,106.83570428898307,45.60716284275322,0.6463568750957973,0.7402376628806956,1787,3.289871292669278
T+5 sl=- tp=30.0,1.605865084662192,32.72170062629398,16.73935059397437,157.66133903925189,56.071628427532175,0.9029201970370698,0.7342538049720433,1787,5.0
T+1 sl=15.0 tp=20.0,1.567936250623265,29.911510739093906,19.28890165984034,109.69482872198247,55.79182988248461,1.097213785858494,0.724402227362956,1787,1.0
reversal hold T+5 if d1>0,1.4195874638203305,29.84121776701589,21.346034105726698,127.63367502262216,45.99888080581981,0.8899133265582643,0.7234478232347851,1787,3.289871292669278
plain T+5,1.5570232545908385,32.529773216328635,17.433238926463336,158.2548288108667,56.01566871852266,0.867950027106688,0.7215716999080624,1787,5.0
rev T+3 sl=10.0 tp=15.0,1.4628356659396586,26.780463150613045,18.61071457551917,103.36065595749294,46.72635702294348,0.8943596994341665,0.71326605995811,1787,2.144935646334639
T+1 sl=15.0 tp=15.0,1.4941062969398389,27.51847371377596,20.330157469690903,103.51546621077846,55.903749300503634,1.018422174444012,0.7113156959690289,1787,1.0
rev T+3 sl=8.0 tp=15.0,1.260674225960793,21.470897336622418,15.68871057470982,87.70680345875836,44.6558477895915,0.7893265261922535,0.7088493829373069,1787,2.144935646334639
T+1 sl=10.0 tp=10.0,1.5635200039425057,24.826710373982607,14.659364845121093,91.02576585850397,55.79182988248461,1.1551850508456778,0.706639046985589,1787,1.0
gd T+3/T+1 sl=10.0 tp=10.0,1.585468168340087,25.033873442476917,19.73723605798876,100.02961837661314,56.463346390598765,1.103341120909358,0.7015379777062585,1787,2.186345831001679
rev T+5 sl=8.0 tp=15.0,1.1486307172035963,17.95523433864117,14.96733792998446,78.04760660551639,42.52937884722999,0.6561017681328286,0.7009555162016293,1787,3.289871292669278
T+1 sl=8.0 tp=10.0,1.3056693239889507,19.604640259289674,15.962486968157164,72.41406708968832,52.93788472299944,0.9709692962185904,0.6989083762006687,1787,1.0
gd T+3/T+1 sl=8.0 tp=10.0,1.3781771074036084,20.577026018708764,16.77438096656906,81.40397647216965,53.16172355903749,0.9602889062383908,0.6957432430286954,1787,2.186345831001679
rev T+5 sl=10.0 tp=10.0,1.3074300560892445,19.50121343900617,15.272757063369447,87.76548243749042,48.405148293228876,0.6944990377686364,0.6950763318161975,1787,3.289871292669278
rev T+3 sl=8.0 tp=20.0,1.2763154081301544,23.02689671740645,17.62537481142633,95.92047804974955,44.2641298265249,0.8295179408667799,0.6863379324892974,1787,2.144935646334639
rev T+3 sl=10.0 tp=20.0,1.459761499457027,28.384717099581746,20.59413222988946,111.88553370107289,46.390598768886406,0.9104913134456092,0.6831498707271384,1787,2.144935646334639
T+3 sl=15.0 tp=15.0,1.4970928147024563,28.242870895210736,25.59664791897068,128.47712663329264,56.63122551762731,0.9293520054164528,0.6656528482950678,1787,3.0
conf T+5 if high/med,1.7505718110389348,36.36829771942689,16.046193906547845,157.55364316776578,56.57526580861779,1.14464611260502,0.6633685061994559,1787,4.071068830442082
T+3 sl=15.0 tp=20.0,1.5430217688790544,31.063602641892363,23.8551752317974,134.71744624151012,56.23950755456072,0.9969099532622852,0.6610871931695458,1787,3.0
T+3 sl=15.0 tp=10.0,1.463422826001476,25.12273338011091,21.08606488767225,117.91778840316324,59.1494124230554,0.9335158792861737,0.6556188818494582,1787,3.0
rev T+5 sl=10.0 tp=15.0,1.2812017526830752,21.555312331256605,18.52921794916823,93.62985793578082,44.6558477895915,0.7260217296780762,0.6525133928686172,1787,3.289871292669278
rev T+5 sl=8.0 tp=20.0,1.135930545963083,18.799507958994987,16.443238965788808,85.17530578939216,41.91382204812535,0.6780133674301829,0.6433718450077136,1787,3.289871292669278
gd T+3/T+1 sl=5.0 tp=10.0,1.1976559977413406,15.071561195069737,17.08799732545172,61.74216193697013,44.879686625629546,0.7432650234685623,0.6313453708210839,1787,2.186345831001679
rev T+5 sl=10.0 tp=20.0,1.2761145588850267,22.799860022491924,19.727601537799757,101.10282634908855,44.096250699496366,0.7220979650408721,0.6196983098533335,1787,3.289871292669278
T+5 sl=15.0 tp=10.0,1.3325033473064873,21.321280517324226,21.818865949746645,117.30004239069233,59.1494124230554,0.5361574495197228,0.6133388164836218,1787,5.0
reversal T+5 if d1>-2%,1.3387557431752883,27.796086479725403,18.013428520079177,132.06617134529972,50.531617235590375,0.8665665178885721,0.6069784176447632,1787,3.7330721880246225
gd T+3/T+1 sl=15.0 tp=30.0,1.6732281172814374,33.049280030617155,24.522295691478067,131.24279400677517,56.63122551762731,1.2103424936621408,0.5981747175016346,1787,2.186345831001679
gd T+3/T+1 sl=5.0 tp=15.0,1.1948289609648588,16.72108944843287,18.476947328120087,64.45182454667513,42.697257974258534,0.7387662874361635,0.5948407730582626,1787,2.186345831001679
gd T+3/T+1 sl=15.0 tp=-,1.6392548392586415,34.806089951771455,24.522295691478035,137.56260155026686,56.63122551762731,1.1610189202789223,0.594236200600348,1787,2.186345831001679
rev T+3 sl=8.0 tp=30.0,1.264338300602315,24.05899892190664,17.695043031964364,96.81688391229845,43.928371572467825,0.9171318168714764,0.5864787906998123,1787,2.144935646334639
rev T+3 sl=8.0 tp=-,1.2611601186668016,25.95124991203077,17.695043031964385,104.38531567759318,43.928371572467825,0.9290501354112314,0.5776495286563338,1787,2.144935646334639
T+3 sl=8.0 tp=10.0,1.1965482750180028,17.400127402392563,15.617689176344928,81.73794678572538,52.88192501398993,0.7875114563350917,0.5763379465148982,1787,3.0
rev T+3 sl=10.0 tp=30.0,1.4417257177413487,29.8371643915726,20.661724087562504,113.76966996106906,46.05484051482932,0.9922011042295943,0.5729918042282331,1787,2.144935646334639
T+1 sl=10.0 tp=20.0,1.5125689891930303,27.200508836206836,19.780888719379774,97.64068296672488,53.83324006715166,1.1465385774988999,0.5712902949986968,1787,1.0
rev T+3 sl=5.0 tp=15.0,1.0617175562927326,15.545159040032308,17.061830395703915,68.86015677319314,38.556239507554565,0.5911135799975314,0.5698582782950787,1787,2.144935646334639
rev T+3 sl=10.0 tp=-,1.4151984451771673,30.82057540726739,20.661724087562494,118.42030836303991,45.99888080581981,0.9816129978226072,0.5640788139563733,1787,2.144935646334639
T+1 sl=8.0 tp=20.0,1.2552671425539195,21.23897831437409,17.04700562954844,77.10082700536893,50.86737548964745,0.9784215137218565,0.5621571344549483,1787,1.0
plain T+4,1.4262852656074987,31.759119201147733,28.410889486753334,164.12900448036595,56.463346390598765,0.8345412275705012,0.5577331065391868,1787,4.0
T+1 sl=10.0 tp=15.0,1.4567251841313573,25.24732194790793,19.780888719379796,92.82842320481443,54.00111919418019,1.103187998036325,0.5570314766467193,1787,1.0
T+1 sl=5.0 tp=10.0,1.122145864997692,14.469813520652686,15.88297642831854,54.69692674374336,45.71908226077224,0.7494474894216961,0.5562511886897621,1787,1.0
T+5 sl=15.0 tp=15.0,1.2612794550827593,22.41028595858814,27.407231401144173,121.5335108905569,55.62395075545608,0.5843582883264438,0.5555573553846361,1787,5.0
T+3 sl=8.0 tp=20.0,1.2793806597444894,22.252786233561395,18.796919906159815,97.39714815231903,49.97202014549524,0.8604543842200821,0.5546899854206226,1787,3.0
gd T+3/T+1 sl=10.0 tp=15.0,1.5407551249626035,26.72924363638607,22.8113116227175,103.79034791280709,54.28091773922775,1.0858557867184393,0.5539994479735437,1787,2.186345831001679
rev T+5 sl=5.0 tp=15.0,0.9924416584859002,13.216778899591318,15.190723386829019,65.08512155708156,36.98936765528819,0.5179791033713766,0.5539696565469416,1787,3.289871292669278
gd T+3/T+1 sl=8.0 tp=15.0,1.3195688173725844,21.48101312590107,18.74968652707112,82.54700428169795,50.92333519865697,0.9495699662897968,0.5485454066075424,1787,2.186345831001679
T+1 sl=8.0 tp=15.0,1.1959776178359949,19.474037816812782,19.396174047709668,72.52975252325659,51.035254616676,0.9287546169126738,0.548345368768752,1787,1.0
T+3 sl=8.0 tp=15.0,1.232805414622467,20.039618804412164,20.654758286287123,89.68809405344963,50.36373810856184,0.7979180754829756,0.54667237440186,1787,3.0
gd T+3/T+1 sl=5.0 tp=20.0,1.2037731355271555,17.537244732957767,17.89446958621116,68.9958377688436,42.41745942921097,0.8004964530325022,0.5373322370441127,1787,2.186345831001679
T+3 sl=5.0 tp=15.0,1.1639311146157734,16.449677932984574,19.271783238065197,70.0472343540753,41.41018466703973,0.7647067339136533,0.536852293739593,1787,3.0
T+3 sl=5.0 tp=20.0,1.1866709923310268,17.896674243447784,18.562740505449593,72.77463984055792,40.90654728595411,0.8215356651983149,0.5272248465496271,1787,3.0
gd T+3/T+1 sl=10.0 tp=20.0,1.5607137796528816,28.275488002159065,22.619795495580608,111.93875442554985,54.057078903189705,1.1116118319298103,0.5208466622015118,1787,2.186345831001679
rev T+3 sl=5.0 tp=10.0,0.9817359449243322,12.47301278005548,15.54284410641067,60.45909984694901,41.18634583100168,0.5685563855623571,0.5171385035249347,1787,2.144935646334639
gd T+3/T+1 sl=8.0 tp=20.0,1.3473666725133953,22.95592546063352,18.551853948437813,90.53422848405789,50.69949636261891,0.9889969690261617,0.5154437141605317,1787,2.186345831001679
T+3 sl=15.0 tp=-,1.4793094647640412,31.562929186045665,26.03380334030191,141.34308942051067,55.84778959149412,1.0588562985064691,0.5068022065438783,1787,3.0
T+3 sl=5.0 tp=10.0,1.0945951480363039,13.598117914677177,18.069662204395144,62.211394692435604,43.98433128147733,0.7427903221127488,0.5054735118237086,1787,3.0
rev T+3 sl=5.0 tp=20.0,1.0283757553136768,15.816038606223714,19.439283864409607,71.58215460248408,38.05260212646894,0.6156140895640988,0.5045961376793112,1787,2.144935646334639
T+3 sl=15.0 tp=30.0,1.5083701203499404,31.505636922048797,26.293086772705287,137.52707870189536,55.903749300503634,1.0822857710152107,0.49853012228821586,1787,3.0
T+5 sl=15.0 tp=20.0,1.2802763439757012,23.973112156728703,21.953926916074863,130.0385655465862,55.120313374370454,0.6319544019288577,0.4949056300285017,1787,5.0
rev T+5 sl=5.0 tp=10.0,1.0196517581951459,12.22554465807184,14.289667371807024,60.86293077301867,40.51482932288752,0.544619119139978,0.4816816592231361,1787,3.289871292669278
T+3 sl=10.0 tp=10.0,1.337506461639084,20.780455977643044,18.872281898404186,99.49839327035343,56.23950755456072,0.9279075042735161,0.4765649440086137,1787,3.0
T+3 sl=10.0 tp=20.0,1.4347569086257286,26.95767073366755,22.021543507094023,118.25053646771104,53.273642977056525,0.9744715071368664,0.47211622774447176,1787,3.0
rev T+5 sl=5.0 tp=20.0,0.9486555893266004,13.27826917571031,15.70624694447953,67.17263859560933,36.261891438164525,0.5407485492729561,0.47185219886039365,1787,3.289871292669278
T+1 sl=15.0 tp=30.0,1.437826575807127,27.239425573270793,21.78919495877033,102.5786790211409,55.51203133743704,1.151984962548588,0.47155483242240087,1787,1.0
T+1 sl=5.0 tp=20.0,1.0653530529255273,15.584027525244615,16.634090076901977,57.136783487971805,43.59261331841074,0.7351198985831081,0.47122069119632587,1787,1.0
T+5 sl=10.0 tp=10.0,1.2291336034966662,17.7738093843252,18.751155535864882,96.06288112497398,55.7358701734751,0.5641171918587873,0.4692278714190688,1787,5.0
T+1 sl=15.0 tp=-,1.4189096409243003,27.03292336971912,21.78919495877041,102.344887581352,55.51203133743704,1.1207697504321055,0.46526382088455903,1787,1.0
T+1 sl=5.0 tp=15.0,1.0215945613674724,14.342315275232353,16.669325321336892,54.583257061638584,43.87241186345831,0.6922544457566125,0.4630983928710184,1787,1.0
T+3 sl=10.0 tp=15.0,1.3910762385922195,24.36310818364895,23.805420795875254,109.80821022457097,53.609401231113594,0.9323837180832,0.4620335906475561,1787,3.0
rev T+5 sl=15.0 tp=30.0,1.160984992036176,22.44997242801039,23.892525694180954,104.54526288444997,45.15948517067711,0.7448713456872278,0.45379031556207,1787,3.289871292669278
T+5 sl=10.0 tp=15.0,1.1842670189010416,19.275843005741788,23.582763331442315,101.30287214249638,52.3223279238948,0.6185849478260144,0.43114692250333575,1787,5.0
T+5 sl=8.0 tp=10.0,1.004070191062215,13.245195798964616,17.41814201197859,80.2629816588546,52.3223279238948,0.44722202893339397,0.42826543096434044,1787,5.0
rev T+5 sl=15.0 tp=-,1.094150283379327,21.529936465380594,23.892525694180968,103.7687848629014,45.1035254616676,0.7063506901056184,0.4215126850278473,1787,3.289871292669278
T+3 sl=8.0 tp=-,1.2255094519229832,23.025761633805807,21.594078939929663,105.04006739262628,49.63626189143817,0.9336094097848775,0.4039290343626709,1787,3.0
T+5 sl=8.0 tp=15.0,0.9438367646331103,13.93847128538026,21.402578752964864,83.02612974078423,48.68494683827644,0.49560960831946366,0.3941414173602104,1787,5.0
T+3 sl=8.0 tp=30.0,1.2238054148016753,21.76149860783536,21.870586416209946,97.47163562733158,49.63626189143817,0.9348713552603055,0.39222447052587994,1787,3.0
T+5 sl=10.0 tp=20.0,1.2096351426974872,20.80723820417807,17.282971214815824,110.07597398562211,51.762730833799665,0.658949771919607,0.3838379232539872,1787,5.0
rev T+5 sl=8.0 tp=30.0,1.0121787098123114,17.092915642134486,16.645085110458226,81.19362822705995,41.41018466703973,0.7633506366787421,0.3506191637526776,1787,3.289871292669278
gd T+3/T+1 sl=5.0 tp=30.0,1.0960686861265074,16.396474334702795,21.24986881875497,63.53689457264047,41.96978175713486,0.8425577566668648,0.34537644335597867,1787,2.186345831001679
T+3 sl=5.0 tp=-,1.112533830384571,18.675652539017218,19.633955524108725,79.21027995880557,40.402909904868494,0.8765105099309122,0.342938143367326,1787,3.0
gd T+3/T+1 sl=5.0 tp=-,1.0952281361089549,18.18997541140126,21.249868818754926,70.56446427855927,41.96978175713486,0.8276019249524555,0.3402498529866354,1787,2.186345831001679
gd T+3/T+1 sl=8.0 tp=30.0,1.2509290932524262,21.704078008248008,22.29734493383556,87.0035158686252,50.36373810856184,1.0263946730071043,0.3358302008894952,1787,2.186345831001679
gd T+3/T+1 sl=10.0 tp=30.0,1.4540156340404333,26.721448777916756,26.427874733665945,107.61902672405627,53.72132064913262,1.138305132527738,0.3341120059505126,1787,2.186345831001679
gd T+3/T+1 sl=8.0 tp=-,1.24818955594757,23.544720835272305,22.29734493383556,94.00652817232508,50.36373810856184,0.9944218045725984,0.3330793018156005,1787,2.186345831001679
T+3 sl=5.0 tp=30.0,1.1112209939274347,17.4251236214533,19.9180122190448,71.61729079129192,40.402909904868494,0.8787203936326877,0.3313944562168541,1787,3.0
gd T+3/T+1 sl=10.0 tp=-,1.4291324979031548,28.43185124037546,26.427874733665934,114.06513230828648,53.72132064913262,1.0961591677291873,0.3313819077363982,1787,2.186345831001679
T+5 sl=8.0 tp=20.0,0.953026325494053,14.78408017249051,17.02404835191342,90.79201782930211,48.06939003917179,0.5467171498949827,0.32974604601276325,1787,5.0
rev T+5 sl=10.0 tp=30.0,1.1562473940133817,21.24500517585537,19.922136659178,97.82933564254314,43.59261331841074,0.8037763200879011,0.32917395230619245,1787,3.289871292669278
rev T+3 sl=5.0 tp=30.0,1.002414093735707,16.43929524444465,23.443991059645462,70.70932948824208,37.54896474538332,0.7313450261754726,0.32693043570119534,1787,2.144935646334639
T+1 sl=10.0 tp=30.0,1.380131367889297,24.575978714270175,20.56156296674808,90.32971226854342,53.55344152210408,1.1899966502771449,0.32377613677212874,1787,1.0
T+1 sl=8.0 tp=30.0,1.136510601438141,19.083824295047492,20.76637549630731,70.8430634512481,50.58757694459989,1.0291351784814042,0.32223811050269785,1787,1.0
rev T+5 sl=8.0 tp=-,1.0003356735762472,17.65165403701672,16.645085110458304,84.88550737359496,41.41018466703973,0.7894373620970356,0.3184621490210209,1787,3.289871292669278
T+3 sl=10.0 tp=-,1.3671522211202276,27.443150632233284,24.94925540661924,124.43021698872441,52.88192501398993,1.0269762037935184,0.31765104021091706,1787,3.0
rev T+3 sl=5.0 tp=-,1.0126683045447424,18.22659139651137,22.472609992874183,78.30231865575571,37.54896474538332,0.7662646657705663,0.31740622718661615,1787,2.144935646334639
T+1 sl=10.0 tp=-,1.3639778148427513,24.471657153568383,20.561562966748113,90.38038371940743,53.55344152210408,1.1603388470943239,0.31620894237747654,1787,1.0
T+1 sl=8.0 tp=-,1.119338977658196,18.976928276043093,20.766375496307322,70.89373490211213,50.58757694459989,0.9950585598884926,0.3146159671942026,1787,1.0
T+5 sl=5.0 tp=15.0,0.7917233688853978,9.978665780240803,16.28368413955107,64.03362466387821,39.73139339675434,0.4287154973139275,0.31134521805119514,1787,5.0
T+3 sl=10.0 tp=30.0,1.391515540728638,27.24680285768375,25.214782603175934,120.20810968432306,52.93788472299944,1.044116885630813,0.3048505138664399,1787,3.0
rev T+5 sl=10.0 tp=-,1.1014652780545457,20.69766328099101,19.922136659178015,98.11464925460137,43.536653609401235,0.7777200509732577,0.29881390914257966,1787,3.289871292669278
T+5 sl=5.0 tp=10.0,0.8568831796592207,9.652294164803198,13.988871101707334,62.72009803036043,43.31281477336318,0.40846756511853977,0.2931468774289582,1787,5.0
T+5 sl=15.0 tp=-,1.1725333143556937,22.967650857622978,24.70922677349934,129.12094845034875,54.61667599328484,0.6733964462879926,0.28261373273900986,1787,5.0
T+5 sl=15.0 tp=30.0,1.2020129219066693,22.989754125778017,23.94333122415476,128.09448526327012,54.67263570229435,0.7040277870914068,0.2646601149582335,1787,5.0
T+5 sl=5.0 tp=20.0,0.7613464120331894,9.891203470412592,19.38940423552363,66.68614644969279,39.00391717963066,0.4618273870952449,0.22857249141051383,1787,5.0
T+5 sl=10.0 tp=-,1.1186077764593971,20.42581794667162,18.992899329008182,109.76098341571969,51.203133743704534,0.7101249506656351,0.17300264900577822,1787,5.0
T+5 sl=10.0 tp=30.0,1.1378145017826846,20.100280141900395,18.992899329008182,107.67272859503423,51.25909345271404,0.7234960493289991,0.14964850941024394,1787,5.0
T+1 sl=5.0 tp=30.0,0.8973396198909616,12.919176786731423,20.37755883371003,48.75962742820266,43.20089535534415,0.7925157186205776,0.1303313863153794,1787,1.0
T+1 sl=5.0 tp=-,0.8811036027034963,12.838931058444757,20.377558833709987,48.87620066835708,43.20089535534415,0.7620067312905022,0.121902156427335,1787,1.0
T+5 sl=8.0 tp=-,0.8998758273879297,14.997756191462198,19.04699843540453,92.51044649094642,47.56575265808618,0.6461084868084417,0.11299148750644865,1787,5.0
rev T+5 sl=5.0 tp=30.0,0.8134533662369818,11.58214203576755,16.875187971094764,62.65270240302125,35.64633463905988,0.6433901655267908,0.09974648804728149,1787,3.289871292669278
T+5 sl=8.0 tp=30.0,0.8633326209404811,13.532275932189442,19.04699843540457,86.69797103150617,47.56575265808618,0.6044159017036193,0.0851678718833664,1787,5.0
rev T+5 sl=5.0 tp=-,0.8119622722390245,12.284226747147443,18.42015340868177,67.01197513048655,35.64633463905988,0.6770367818330256,0.08039385860139851,1787,3.289871292669278
T+5 sl=5.0 tp=-,0.663721461625168,9.22568112549218,21.403908342778966,66.77268151980809,38.388360380526024,0.580475962650606,-0.07105647450695785,1787,5.0
T+5 sl=5.0 tp=30.0,0.6320210567285893,8.345455394030111,22.10944218851654,62.4134087923428,38.388360380526024,0.538444712591709,-0.13073706945731917,1787,5.0
