rule,bp,train,test,t_test,test_stress,win%,early%,wick%,dbp
hold to T+1 close,33.81611770632609,-2.6164703891514756,93.39913513333698,2.8722532133668057,83.19913513333702,52.11111111111111,0.0,0.0,0.0
exit at T+1 open,6.171951580063413,-17.812773355223317,45.3973362838925,1.8540224618937444,20.197336283892522,51.0,99.94444444444444,41.07837687604224,-27.64416612626268
hard stop 2% (next-close fill),15.968367822615539,7.044830503542721,30.562205575769756,1.5257156136150352,8.942000597731688,29.166666666666668,76.5,38.416848220769786,-17.84774988371055
hard stop 2% (level fill),3.977455053097755,-6.515081712828575,21.137284580974335,1.0967147151825491,-0.48292039706376594,22.22222222222222,76.61111111111111,39.013778100072514,-29.83866265322837
confirm 5m close < -2%,25.281201273919446,13.667659190831104,44.27435867774035,1.8709498074995892,24.191488985207428,32.22222222222222,65.77777777777779,31.08108108108108,-8.534916432406638
confirm 15m close < -2%,20.883189709487784,8.204578801647255,41.61819466418453,1.6514893381928428,22.260068749104015,35.388888888888886,61.94444444444444,27.264573991031387,-12.932927996838306
dwell 5min beyond -2%,31.95381941019085,19.59488385463716,52.16601709035696,2.0590191459051175,32.85181504057659,35.77777777777777,61.22222222222222,26.860254083484573,-1.8622982961352452
dwell 10min beyond -2%,24.27293650930882,12.892496085100525,42.88487202005648,1.6176926931315418,24.031870555927664,38.5,57.94444444444444,23.48993288590604,-9.543181197017269
stop 2% armed after 30m,18.03484964882424,9.217675711835017,32.45473733201159,1.3681835121505461,12.04243864972757,33.22222222222222,68.94444444444444,32.634971796937954,-15.781268057501851
stop 2% armed after 60m,28.93527741037202,17.670735295992575,47.35766912598234,1.8560766948092107,27.62619035585058,36.5,64.66666666666666,28.951890034364265,-4.880840295954066
stop 2% RTH-only,35.365407767831144,16.553319898192157,66.13129671422466,2.2249198099610448,47.21240945214561,41.5,59.833333333333336,23.026926648096566,1.5492900615050622
hard stop 3% (next-close fill),15.194548670411596,8.47554336019857,26.18302441200449,1.1732174393022061,5.704839931770231,34.55555555555556,67.11111111111111,33.02980132450331,-18.6215690359145
hard stop 3% (level fill),-5.703767720054064,-12.198171163482685,4.9173869597552375,0.2265416357861362,-15.560797520479056,29.555555555555557,67.11111111111111,33.609271523178805,-39.51988542638018
confirm 5m close < -3%,28.716763356553134,20.76291900165155,41.724734285433186,1.6405021708249545,22.849770888654277,38.77777777777778,56.777777777777786,24.26614481409002,-5.099354349772951
confirm 15m close < -3%,21.14972236075567,9.190790645602068,40.707740993005416,1.5127724371682363,22.5135975083788,40.72222222222222,53.05555555555556,21.675392670157066,-12.666395345570415
dwell 5min beyond -3%,25.86050505212748,10.850700436797098,50.40801860311435,1.8626954492704357,32.345646714388174,41.0,52.61111111111111,21.119324181626187,-7.955612654198604
dwell 10min beyond -3%,24.114711412916797,6.7935901535937395,52.44222597611424,1.8654610175246134,35.03871206689026,43.05555555555556,49.44444444444444,18.314606741573034,-9.701406293409288
stop 3% armed after 30m,18.6194155043059,14.033542686113757,26.11929828310624,1.0532635348813737,6.673324637425446,37.94444444444444,61.111111111111114,27.727272727272727,-15.196702202020182
stop 3% armed after 60m,25.781957210307347,13.966674835185495,45.105047126868264,1.6809976613839566,26.274007595389516,40.166666666666664,57.77777777777777,24.23076923076923,-8.034160496018739
stop 3% RTH-only,33.814699445417894,13.544631954119744,66.96501480087916,2.2186305204301657,49.07833837335356,43.77777777777778,52.888888888888886,17.857142857142858,-0.0014182609081962265
hard stop 5% (next-close fill),8.795369813951659,-8.953701925530755,37.82276825172891,1.4190465215501906,19.606662834452223,41.44444444444444,51.72222222222223,26.852846401718583,-25.020747892374427
hard stop 5% (level fill),-27.17100373283092,-43.77291827142176,-0.019702796365362218,-0.0007443059522549985,-18.25777014629212,37.94444444444444,51.83333333333333,27.331189710610932,-60.98712143915701
confirm 5m close < -5%,21.23201141228504,0.18641400786756196,55.650653141032244,1.919980709609066,39.213464268411464,45.44444444444444,40.833333333333336,17.006802721088434,-12.58410629404105
confirm 15m close < -5%,19.467571471778257,-1.8194550783678047,54.281054131387585,1.794681857191265,38.32702777706844,46.77777777777778,37.27777777777778,14.456035767511178,-14.348546234547833
dwell 5min beyond -5%,24.70498586962402,3.797322279497123,58.898046235907685,1.9902257928897122,42.85617215098825,46.833333333333336,37.833333333333336,13.950073421439061,-9.11113183670207
dwell 10min beyond -5%,28.618312777980854,6.6539294721194615,64.53956629576588,2.1215601046259507,48.95889279649797,47.888888888888886,34.88888888888889,12.101910828025478,-5.197804928345245
stop 5% armed after 30m,20.376848949645378,2.4024564432539908,49.77274416141577,1.774412335336958,32.413154117491935,44.05555555555555,46.666666666666664,21.19047619047619,-13.439268756680706
stop 5% armed after 60m,23.972521768365194,1.1111166150864116,61.360793446567826,2.1317144008621995,44.594175584195966,45.111111111111114,44.333333333333336,18.796992481203006,-9.843595937960899
stop 5% RTH-only,22.749883886598596,0.7981432649656076,58.65046115506719,1.8814646142100726,42.21327228244643,46.88888888888889,41.27777777777778,13.593539703903096,-11.0662338197275
hard stop 8% (next-close fill),15.860194146411944,-5.536509164793353,50.853045681721355,1.717976201484088,35.95319209460571,47.55555555555556,29.555555555555557,20.48872180451128,-17.95592355991415
hard stop 8% (level fill),-11.620789725996264,-28.030275578967206,15.215807196066011,0.5078842507563168,0.3159536089503828,46.0,29.555555555555557,20.676691729323306,-45.436907432322364
confirm 5m close < -8%,32.359985748217106,13.123413494726472,63.82009000465787,2.047525389118342,50.06225691534606,49.77777777777778,23.0,10.144927536231885,-1.4561319581089898
confirm 15m close < -8%,32.855677173391214,19.174740759702516,55.22991725258637,1.7399456260446808,41.64777962447515,50.33333333333333,20.944444444444443,8.488063660477453,-0.9604405329348784
dwell 5min beyond -8%,33.862051357653776,12.572652473874914,68.6794138074063,2.1719285042065306,55.272971640495676,50.27777777777778,20.944444444444443,8.753315649867375,0.045933651327683615
dwell 10min beyond -8%,37.853716558872954,16.876931251629568,72.1598207875565,2.275486391618895,58.92907408184646,50.77777777777778,19.5,6.837606837606838,4.037598852546862
stop 8% armed after 30m,26.588008996653468,6.002338971540778,60.254470809319464,2.008228761405543,45.79385587520529,48.77777777777778,27.38888888888889,16.024340770791078,-7.228108709672633
stop 8% armed after 60m,24.81016319443119,3.5700073154763925,59.5469920623558,1.9664353798454128,45.349920320042514,48.888888888888886,26.222222222222225,15.254237288135593,-9.005954511894908
stop 8% RTH-only,34.02080724609149,5.991421773327486,79.86095889042151,2.4858774945648956,66.03724000315948,50.27777777777778,23.72222222222222,7.728337236533958,0.20468953976540138
"vwap stop band 0bp (5m confirm, 30m arm)",15.046959367655468,8.822726656021537,25.226268209375977,1.167189115931051,1.0804409765794973,39.611111111111114,93.88888888888889,41.65680473372781,-18.769158338670618
"vwap stop band 25bp (5m confirm, 30m arm)",18.85468190783416,14.120245922702523,26.59752963168781,1.2119779183356352,2.6932836580421418,38.22222222222222,91.33333333333333,40.75425790754258,-14.961435798491918
"vwap stop band 50bp (5m confirm, 30m arm)",24.686931429019694,13.59965835701315,42.81941169465852,1.8201225504394474,19.332442441364233,38.44444444444444,88.38888888888889,39.47203016970459,-9.12918627730639
trail 3% from MFE,3.7541968075920935,1.3409785470037334,7.7008509760799395,0.5935966769201708,-17.367377428019637,40.22222222222222,97.66666666666667,44.4254835039818,-30.06192089873399
trail 3% armed at +3%,27.18296679379561,5.453489959862213,62.720046769642785,2.887891318947149,42.24186228940854,65.0,63.22222222222222,51.84534270650264,-6.633150912530475
trail 5% from MFE,17.579194962687005,17.14111558385365,18.295643961452544,0.9535099283602247,-5.213287224491809,42.55555555555556,84.11111111111111,39.49801849405548,-16.23692274363908
trail 5% armed at +3%,36.354799383004966,19.43180353367166,64.03120694333484,2.631950035838982,45.222129344506165,54.22222222222223,51.16666666666667,48.42562432138979,2.5386816766788742
trail 8% from MFE,22.792897575610237,5.457389223789989,51.143941249084946,2.015016340389395,31.895624997254806,46.5,55.722222222222214,31.006979062811563,-11.023220130715854
trail 8% armed at +3%,40.90474099352822,17.761761061862956,78.75350905161037,2.860654622962001,62.86536849524143,51.22222222222222,32.77777777777778,38.474576271186436,7.088623287202131
hard stop at 0.25xEM,6.177788542096449,9.552183832244543,0.6591947806097288,0.04168395858349319,-22.54226934823361,26.166666666666664,86.94444444444444,44.60063897763578,-27.63832916422965
confirm15 stop at 0.25xEM,18.590665128347897,18.524487857498347,18.698893549341978,0.798831050615208,-2.0867579879932903,27.611111111111107,71.83333333333334,34.64810518174787,-15.225452577978182
dwell10 stop at 0.25xEM,21.72526370841565,10.635882414985177,39.86119182666137,1.568486954998229,19.888131797378815,31.38888888888889,67.66666666666666,31.03448275862069,-12.090853997910438
hard stop at 0.5xEM,12.429404785958628,13.321124686554969,10.97105759859974,0.5414011836238525,-10.539337716187951,29.27777777777778,76.55555555555556,39.7677793904209,-21.38671292036746
confirm15 stop at 0.5xEM,22.30436006579459,9.176964735926468,43.77332138858037,1.6760525173017347,24.568929002050385,33.83333333333333,62.72222222222222,29.583702391496903,-11.511757640531497
dwell10 stop at 0.5xEM,27.42832297779813,10.439521261981653,55.21235155256679,2.028411717368484,36.71074101083914,37.27777777777778,58.38888888888889,25.59467174119886,-6.387794728527963
tp 5% (no stop),28.006439340382933,-2.712732338146218,78.24555319824101,3.3808556595630144,59.37058980146211,62.94444444444445,52.22222222222223,51.38297872340426,-5.809678365943166
tp 8% (no stop),36.64129544421552,0.5457848643150718,95.67304554340848,3.509566637821223,79.98256238089026,55.888888888888886,31.666666666666664,50.877192982456144,2.825177737889438
tp 10% (no stop),34.75715447863209,-4.441546217019515,98.86396074077385,3.4182857067416137,84.79866059436102,53.833333333333336,22.0,51.76767676767676,0.9410367723059893
tp 0.5xEM (no stop),-7.537466968934186,-25.979488161662296,22.623203122247812,1.3599608430111334,0.5417975585582057,79.5,77.66666666666666,54.57796852646638,-41.35358467526026
tp 0.75xEM (no stop),-1.617166361575172,-20.47119086923144,29.21730710116577,1.4584061292811483,8.519503294430773,73.88888888888889,69.05555555555556,54.30410297666934,-35.43328406790125
tp 1xEM (no stop),12.099640683535595,-12.90251137427867,52.98895817779409,2.4194463720941344,33.235517475012266,70.16666666666667,61.83333333333333,53.81850853548967,-21.716477022790485
tp 1.5xEM (no stop),16.792994079884465,-16.150870405744755,70.67044156223854,2.8484972316601667,52.84965093266316,64.27777777777777,48.55555555555556,52.40274599542334,-17.023123626441624
tp 1xEM + confirm15 0.5xEM,3.559399982801772,-6.994081154760486,20.81889988127475,1.1915985227204806,-3.1951557556213013,53.11111111111111,92.44444444444444,42.00721153846153,-30.256717723524318
tp 1xEM + hard 0.5xEM,3.1347766050456527,-1.4670656773642705,10.660776355341236,0.7421059793966047,-13.616822473355688,41.61111111111111,94.5,44.914756025867135,-30.681341101280434
tp 1.5xEM + confirm15 0.5xEM,5.7258420085684225,-5.279224065985433,23.723878326689437,1.2097702117475746,0.6981096590467021,45.94444444444444,86.66666666666667,38.84615384615385,-28.09027569775767
stop 3% + re-enter at entry (2nd RT charged) [re-entered 41%],12.491408714894181,3.8784722610089784,26.57727989935943,0.8535878527561506,6.099095419125181,43.888888888888886,67.11111111111111,33.609271523178805,-21.324708991431912
stop 5% + re-enter at entry (2nd RT charged) [re-entered 24%],16.616139545673963,2.252454480271132,40.10696856185985,1.2700147268032858,21.890863144583147,46.0,51.72222222222223,27.38990332975295,-17.199978160652133
